CREATE or replace FUNCTION clean_tables() RETURNS void AS $$
declare
  l_stmt text;
begin
  select 'truncate ' || string_agg(format('%I.%I', schemaname, tablename) , ',')
    into l_stmt
  from pg_tables
  where schemaname in ('public');

  execute l_stmt || ' cascade';
end;
$$ LANGUAGE plpgsql;
select clean_tables();

-- reset sekvenci

CREATE or replace FUNCTION restart_sequences() RETURNS void AS $$
DECLARE
i TEXT;
BEGIN
 FOR i IN (SELECT column_default FROM information_schema.columns WHERE column_default SIMILAR TO 'nextval%')
  LOOP
         EXECUTE 'ALTER SEQUENCE'||' ' || substring(substring(i from '''[a-z_]*')from '[a-z_]+') || ' '||' RESTART 1;';
  END LOOP;
END $$ LANGUAGE plpgsql;
select restart_sequences();
-- konec resetu


-- insert osobny_vagon
insert into osobny_vagon (id_o_vagon, typ) values (1, 'Sleeper Car');
insert into osobny_vagon (id_o_vagon, typ) values (2, 'Dining Car');
insert into osobny_vagon (id_o_vagon, typ) values (3, 'Sleeper Car');
insert into osobny_vagon (id_o_vagon, typ) values (4, 'Dining Car');
insert into osobny_vagon (id_o_vagon, typ) values (5, '2. Class');
insert into osobny_vagon (id_o_vagon, typ) values (6, 'Dining Car');
insert into osobny_vagon (id_o_vagon, typ) values (7, '1. Class');
insert into osobny_vagon (id_o_vagon, typ) values (8, 'Dining Car');
insert into osobny_vagon (id_o_vagon, typ) values (9, '2. Class');
insert into osobny_vagon (id_o_vagon, typ) values (10, '2. Class');
insert into osobny_vagon (id_o_vagon, typ) values (11, '1. Class');
insert into osobny_vagon (id_o_vagon, typ) values (12, 'Sleeper Car');
insert into osobny_vagon (id_o_vagon, typ) values (13, '1. Class');
insert into osobny_vagon (id_o_vagon, typ) values (14, '1. Class');
insert into osobny_vagon (id_o_vagon, typ) values (15, 'Sleeper Car');
insert into osobny_vagon (id_o_vagon, typ) values (16, '2. Class');
insert into osobny_vagon (id_o_vagon, typ) values (17, '2. Class');
insert into osobny_vagon (id_o_vagon, typ) values (18, 'Dining Car');
insert into osobny_vagon (id_o_vagon, typ) values (19, 'Dining Car');
insert into osobny_vagon (id_o_vagon, typ) values (20, 'Dining Car');
insert into osobny_vagon (id_o_vagon, typ) values (21, '2. Class');
insert into osobny_vagon (id_o_vagon, typ) values (22, 'Sleeper Car');
insert into osobny_vagon (id_o_vagon, typ) values (23, 'Dining Car');
insert into osobny_vagon (id_o_vagon, typ) values (24, 'Sleeper Car');
insert into osobny_vagon (id_o_vagon, typ) values (25, '2. Class');
insert into osobny_vagon (id_o_vagon, typ) values (26, 'Sleeper Car');
insert into osobny_vagon (id_o_vagon, typ) values (27, 'Sleeper Car');
insert into osobny_vagon (id_o_vagon, typ) values (28, 'Dining Car');
insert into osobny_vagon (id_o_vagon, typ) values (29, 'Dining Car');
insert into osobny_vagon (id_o_vagon, typ) values (30, 'Sleeper Car');
insert into osobny_vagon (id_o_vagon, typ) values (31, 'Sleeper Car');
insert into osobny_vagon (id_o_vagon, typ) values (32, '1. Class');
insert into osobny_vagon (id_o_vagon, typ) values (33, 'Sleeper Car');
insert into osobny_vagon (id_o_vagon, typ) values (34, '1. Class');
insert into osobny_vagon (id_o_vagon, typ) values (35, '2. Class');
insert into osobny_vagon (id_o_vagon, typ) values (36, 'Sleeper Car');
insert into osobny_vagon (id_o_vagon, typ) values (37, 'Sleeper Car');
insert into osobny_vagon (id_o_vagon, typ) values (38, 'Sleeper Car');
insert into osobny_vagon (id_o_vagon, typ) values (39, '2. Class');
insert into osobny_vagon (id_o_vagon, typ) values (40, '1. Class');
insert into osobny_vagon (id_o_vagon, typ) values (41, '1. Class');
insert into osobny_vagon (id_o_vagon, typ) values (42, 'Dining Car');
insert into osobny_vagon (id_o_vagon, typ) values (43, '2. Class');
insert into osobny_vagon (id_o_vagon, typ) values (44, '1. Class');
insert into osobny_vagon (id_o_vagon, typ) values (45, '1. Class');
insert into osobny_vagon (id_o_vagon, typ) values (46, '1. Class');
insert into osobny_vagon (id_o_vagon, typ) values (47, 'Sleeper Car');
insert into osobny_vagon (id_o_vagon, typ) values (48, 'Dining Car');
insert into osobny_vagon (id_o_vagon, typ) values (49, 'Sleeper Car');
insert into osobny_vagon (id_o_vagon, typ) values (50, 'Dining Car');
insert into osobny_vagon (id_o_vagon, typ) values (51, '2. Class');
insert into osobny_vagon (id_o_vagon, typ) values (52, 'Dining Car');
insert into osobny_vagon (id_o_vagon, typ) values (53, '2. Class');
insert into osobny_vagon (id_o_vagon, typ) values (54, '2. Class');
insert into osobny_vagon (id_o_vagon, typ) values (55, '2. Class');
insert into osobny_vagon (id_o_vagon, typ) values (56, '2. Class');
insert into osobny_vagon (id_o_vagon, typ) values (57, '1. Class');
insert into osobny_vagon (id_o_vagon, typ) values (58, '1. Class');
insert into osobny_vagon (id_o_vagon, typ) values (59, 'Sleeper Car');
insert into osobny_vagon (id_o_vagon, typ) values (60, '1. Class');
insert into osobny_vagon (id_o_vagon, typ) values (61, '2. Class');
insert into osobny_vagon (id_o_vagon, typ) values (62, '2. Class');
insert into osobny_vagon (id_o_vagon, typ) values (63, '1. Class');
insert into osobny_vagon (id_o_vagon, typ) values (64, '1. Class');
insert into osobny_vagon (id_o_vagon, typ) values (65, '2. Class');
insert into osobny_vagon (id_o_vagon, typ) values (66, 'Sleeper Car');
insert into osobny_vagon (id_o_vagon, typ) values (67, 'Dining Car');
insert into osobny_vagon (id_o_vagon, typ) values (68, 'Dining Car');
insert into osobny_vagon (id_o_vagon, typ) values (69, '1. Class');
insert into osobny_vagon (id_o_vagon, typ) values (70, '2. Class');
insert into osobny_vagon (id_o_vagon, typ) values (71, 'Dining Car');
insert into osobny_vagon (id_o_vagon, typ) values (72, '1. Class');
insert into osobny_vagon (id_o_vagon, typ) values (73, '1. Class');
insert into osobny_vagon (id_o_vagon, typ) values (74, '2. Class');
insert into osobny_vagon (id_o_vagon, typ) values (75, '1. Class');
insert into osobny_vagon (id_o_vagon, typ) values (76, 'Dining Car');
insert into osobny_vagon (id_o_vagon, typ) values (77, 'Dining Car');
insert into osobny_vagon (id_o_vagon, typ) values (78, 'Dining Car');
insert into osobny_vagon (id_o_vagon, typ) values (79, '1. Class');
insert into osobny_vagon (id_o_vagon, typ) values (80, '1. Class');
insert into osobny_vagon (id_o_vagon, typ) values (81, '1. Class');
insert into osobny_vagon (id_o_vagon, typ) values (82, 'Dining Car');
insert into osobny_vagon (id_o_vagon, typ) values (83, 'Sleeper Car');
insert into osobny_vagon (id_o_vagon, typ) values (84, 'Dining Car');
insert into osobny_vagon (id_o_vagon, typ) values (85, '1. Class');
insert into osobny_vagon (id_o_vagon, typ) values (86, 'Dining Car');
insert into osobny_vagon (id_o_vagon, typ) values (87, '2. Class');
insert into osobny_vagon (id_o_vagon, typ) values (88, 'Dining Car');
insert into osobny_vagon (id_o_vagon, typ) values (89, 'Dining Car');
insert into osobny_vagon (id_o_vagon, typ) values (90, 'Sleeper Car');
insert into osobny_vagon (id_o_vagon, typ) values (91, '1. Class');
insert into osobny_vagon (id_o_vagon, typ) values (92, '1. Class');
insert into osobny_vagon (id_o_vagon, typ) values (93, '1. Class');
insert into osobny_vagon (id_o_vagon, typ) values (94, '2. Class');
insert into osobny_vagon (id_o_vagon, typ) values (95, 'Sleeper Car');
insert into osobny_vagon (id_o_vagon, typ) values (96, 'Dining Car');
insert into osobny_vagon (id_o_vagon, typ) values (97, 'Dining Car');
insert into osobny_vagon (id_o_vagon, typ) values (98, '1. Class');
insert into osobny_vagon (id_o_vagon, typ) values (99, '2. Class');
insert into osobny_vagon (id_o_vagon, typ) values (100, 'Dining Car');


-- insert nakladny vagon
insert into nakladny_vagon (id_n_vagon, typ) values (1, 'Gondola');
insert into nakladny_vagon (id_n_vagon, typ) values (2, 'Boxcar');
insert into nakladny_vagon (id_n_vagon, typ) values (3, 'Refrigerator car');
insert into nakladny_vagon (id_n_vagon, typ) values (4, 'Refrigerator car');
insert into nakladny_vagon (id_n_vagon, typ) values (5, 'Refrigerator car');
insert into nakladny_vagon (id_n_vagon, typ) values (6, 'Gondola');
insert into nakladny_vagon (id_n_vagon, typ) values (7, 'Refrigerator car');
insert into nakladny_vagon (id_n_vagon, typ) values (8, 'Gondola');
insert into nakladny_vagon (id_n_vagon, typ) values (9, 'Boxcar');
insert into nakladny_vagon (id_n_vagon, typ) values (10, 'Tank car');
insert into nakladny_vagon (id_n_vagon, typ) values (11, 'Gondola');
insert into nakladny_vagon (id_n_vagon, typ) values (12, 'Gondola');
insert into nakladny_vagon (id_n_vagon, typ) values (13, 'Gondola');
insert into nakladny_vagon (id_n_vagon, typ) values (14, 'Tank car');
insert into nakladny_vagon (id_n_vagon, typ) values (15, 'Hopper');
insert into nakladny_vagon (id_n_vagon, typ) values (16, 'Flatcar');
insert into nakladny_vagon (id_n_vagon, typ) values (17, 'Refrigerator car');
insert into nakladny_vagon (id_n_vagon, typ) values (18, 'Hopper');
insert into nakladny_vagon (id_n_vagon, typ) values (19, 'Flatcar');
insert into nakladny_vagon (id_n_vagon, typ) values (20, 'Boxcar');
insert into nakladny_vagon (id_n_vagon, typ) values (21, 'Boxcar');
insert into nakladny_vagon (id_n_vagon, typ) values (22, 'Hopper');
insert into nakladny_vagon (id_n_vagon, typ) values (23, 'Refrigerator car');
insert into nakladny_vagon (id_n_vagon, typ) values (24, 'Flatcar');
insert into nakladny_vagon (id_n_vagon, typ) values (25, 'Hopper');
insert into nakladny_vagon (id_n_vagon, typ) values (26, 'Refrigerator car');
insert into nakladny_vagon (id_n_vagon, typ) values (27, 'Hopper');
insert into nakladny_vagon (id_n_vagon, typ) values (28, 'Boxcar');
insert into nakladny_vagon (id_n_vagon, typ) values (29, 'Boxcar');
insert into nakladny_vagon (id_n_vagon, typ) values (30, 'Hopper');
insert into nakladny_vagon (id_n_vagon, typ) values (31, 'Boxcar');
insert into nakladny_vagon (id_n_vagon, typ) values (32, 'Refrigerator car');
insert into nakladny_vagon (id_n_vagon, typ) values (33, 'Hopper');
insert into nakladny_vagon (id_n_vagon, typ) values (34, 'Boxcar');
insert into nakladny_vagon (id_n_vagon, typ) values (35, 'Hopper');
insert into nakladny_vagon (id_n_vagon, typ) values (36, 'Gondola');
insert into nakladny_vagon (id_n_vagon, typ) values (37, 'Hopper');
insert into nakladny_vagon (id_n_vagon, typ) values (38, 'Gondola');
insert into nakladny_vagon (id_n_vagon, typ) values (39, 'Hopper');
insert into nakladny_vagon (id_n_vagon, typ) values (40, 'Gondola');
insert into nakladny_vagon (id_n_vagon, typ) values (41, 'Boxcar');
insert into nakladny_vagon (id_n_vagon, typ) values (42, 'Boxcar');
insert into nakladny_vagon (id_n_vagon, typ) values (43, 'Gondola');
insert into nakladny_vagon (id_n_vagon, typ) values (44, 'Hopper');
insert into nakladny_vagon (id_n_vagon, typ) values (45, 'Boxcar');
insert into nakladny_vagon (id_n_vagon, typ) values (46, 'Refrigerator car');
insert into nakladny_vagon (id_n_vagon, typ) values (47, 'Flatcar');
insert into nakladny_vagon (id_n_vagon, typ) values (48, 'Refrigerator car');
insert into nakladny_vagon (id_n_vagon, typ) values (49, 'Refrigerator car');
insert into nakladny_vagon (id_n_vagon, typ) values (50, 'Tank car');
insert into nakladny_vagon (id_n_vagon, typ) values (51, 'Flatcar');
insert into nakladny_vagon (id_n_vagon, typ) values (52, 'Refrigerator car');
insert into nakladny_vagon (id_n_vagon, typ) values (53, 'Flatcar');
insert into nakladny_vagon (id_n_vagon, typ) values (54, 'Flatcar');
insert into nakladny_vagon (id_n_vagon, typ) values (55, 'Gondola');
insert into nakladny_vagon (id_n_vagon, typ) values (56, 'Gondola');
insert into nakladny_vagon (id_n_vagon, typ) values (57, 'Refrigerator car');
insert into nakladny_vagon (id_n_vagon, typ) values (58, 'Gondola');
insert into nakladny_vagon (id_n_vagon, typ) values (59, 'Hopper');
insert into nakladny_vagon (id_n_vagon, typ) values (60, 'Refrigerator car');
insert into nakladny_vagon (id_n_vagon, typ) values (61, 'Boxcar');
insert into nakladny_vagon (id_n_vagon, typ) values (62, 'Flatcar');
insert into nakladny_vagon (id_n_vagon, typ) values (63, 'Refrigerator car');
insert into nakladny_vagon (id_n_vagon, typ) values (64, 'Refrigerator car');
insert into nakladny_vagon (id_n_vagon, typ) values (65, 'Tank car');
insert into nakladny_vagon (id_n_vagon, typ) values (66, 'Gondola');
insert into nakladny_vagon (id_n_vagon, typ) values (67, 'Refrigerator car');
insert into nakladny_vagon (id_n_vagon, typ) values (68, 'Flatcar');
insert into nakladny_vagon (id_n_vagon, typ) values (69, 'Tank car');
insert into nakladny_vagon (id_n_vagon, typ) values (70, 'Hopper');
insert into nakladny_vagon (id_n_vagon, typ) values (71, 'Hopper');
insert into nakladny_vagon (id_n_vagon, typ) values (72, 'Flatcar');
insert into nakladny_vagon (id_n_vagon, typ) values (73, 'Flatcar');
insert into nakladny_vagon (id_n_vagon, typ) values (74, 'Gondola');
insert into nakladny_vagon (id_n_vagon, typ) values (75, 'Gondola');
insert into nakladny_vagon (id_n_vagon, typ) values (76, 'Hopper');
insert into nakladny_vagon (id_n_vagon, typ) values (77, 'Refrigerator car');
insert into nakladny_vagon (id_n_vagon, typ) values (78, 'Refrigerator car');
insert into nakladny_vagon (id_n_vagon, typ) values (79, 'Hopper');
insert into nakladny_vagon (id_n_vagon, typ) values (80, 'Hopper');
insert into nakladny_vagon (id_n_vagon, typ) values (81, 'Flatcar');
insert into nakladny_vagon (id_n_vagon, typ) values (82, 'Refrigerator car');
insert into nakladny_vagon (id_n_vagon, typ) values (83, 'Hopper');
insert into nakladny_vagon (id_n_vagon, typ) values (84, 'Boxcar');
insert into nakladny_vagon (id_n_vagon, typ) values (85, 'Refrigerator car');
insert into nakladny_vagon (id_n_vagon, typ) values (86, 'Gondola');
insert into nakladny_vagon (id_n_vagon, typ) values (87, 'Gondola');
insert into nakladny_vagon (id_n_vagon, typ) values (88, 'Flatcar');
insert into nakladny_vagon (id_n_vagon, typ) values (89, 'Refrigerator car');
insert into nakladny_vagon (id_n_vagon, typ) values (90, 'Flatcar');
insert into nakladny_vagon (id_n_vagon, typ) values (91, 'Flatcar');
insert into nakladny_vagon (id_n_vagon, typ) values (92, 'Gondola');
insert into nakladny_vagon (id_n_vagon, typ) values (93, 'Hopper');
insert into nakladny_vagon (id_n_vagon, typ) values (94, 'Boxcar');
insert into nakladny_vagon (id_n_vagon, typ) values (95, 'Tank car');
insert into nakladny_vagon (id_n_vagon, typ) values (96, 'Boxcar');
insert into nakladny_vagon (id_n_vagon, typ) values (97, 'Hopper');
insert into nakladny_vagon (id_n_vagon, typ) values (98, 'Flatcar');
insert into nakladny_vagon (id_n_vagon, typ) values (99, 'Refrigerator car');
insert into nakladny_vagon (id_n_vagon, typ) values (100, 'Gondola');


-- insert vlak
insert into vlak (id_vlak) values (1);
insert into vlak (id_vlak) values (2);
insert into vlak (id_vlak) values (3);
insert into vlak (id_vlak) values (4);
insert into vlak (id_vlak) values (5);
insert into vlak (id_vlak) values (6);
insert into vlak (id_vlak) values (7);
insert into vlak (id_vlak) values (8);
insert into vlak (id_vlak) values (9);
insert into vlak (id_vlak) values (10);
insert into vlak (id_vlak) values (11);
insert into vlak (id_vlak) values (12);
insert into vlak (id_vlak) values (13);
insert into vlak (id_vlak) values (14);
insert into vlak (id_vlak) values (15);
insert into vlak (id_vlak) values (16);
insert into vlak (id_vlak) values (17);
insert into vlak (id_vlak) values (18);
insert into vlak (id_vlak) values (19);
insert into vlak (id_vlak) values (20);
insert into vlak (id_vlak) values (21);
insert into vlak (id_vlak) values (22);
insert into vlak (id_vlak) values (23);
insert into vlak (id_vlak) values (24);
insert into vlak (id_vlak) values (25);
insert into vlak (id_vlak) values (26);
insert into vlak (id_vlak) values (27);
insert into vlak (id_vlak) values (28);
insert into vlak (id_vlak) values (29);
insert into vlak (id_vlak) values (30);
insert into vlak (id_vlak) values (31);
insert into vlak (id_vlak) values (32);
insert into vlak (id_vlak) values (33);
insert into vlak (id_vlak) values (34);
insert into vlak (id_vlak) values (35);
insert into vlak (id_vlak) values (36);
insert into vlak (id_vlak) values (37);
insert into vlak (id_vlak) values (38);
insert into vlak (id_vlak) values (39);
insert into vlak (id_vlak) values (40);
insert into vlak (id_vlak) values (41);
insert into vlak (id_vlak) values (42);
insert into vlak (id_vlak) values (43);
insert into vlak (id_vlak) values (44);
insert into vlak (id_vlak) values (45);
insert into vlak (id_vlak) values (46);
insert into vlak (id_vlak) values (47);
insert into vlak (id_vlak) values (48);
insert into vlak (id_vlak) values (49);
insert into vlak (id_vlak) values (50);
insert into vlak (id_vlak) values (51);
insert into vlak (id_vlak) values (52);
insert into vlak (id_vlak) values (53);
insert into vlak (id_vlak) values (54);
insert into vlak (id_vlak) values (55);
insert into vlak (id_vlak) values (56);
insert into vlak (id_vlak) values (57);
insert into vlak (id_vlak) values (58);
insert into vlak (id_vlak) values (59);
insert into vlak (id_vlak) values (60);
insert into vlak (id_vlak) values (61);
insert into vlak (id_vlak) values (62);
insert into vlak (id_vlak) values (63);
insert into vlak (id_vlak) values (64);
insert into vlak (id_vlak) values (65);
insert into vlak (id_vlak) values (66);
insert into vlak (id_vlak) values (67);
insert into vlak (id_vlak) values (68);
insert into vlak (id_vlak) values (69);
insert into vlak (id_vlak) values (70);
insert into vlak (id_vlak) values (71);
insert into vlak (id_vlak) values (72);
insert into vlak (id_vlak) values (73);
insert into vlak (id_vlak) values (74);
insert into vlak (id_vlak) values (75);
insert into vlak (id_vlak) values (76);
insert into vlak (id_vlak) values (77);
insert into vlak (id_vlak) values (78);
insert into vlak (id_vlak) values (79);
insert into vlak (id_vlak) values (80);
insert into vlak (id_vlak) values (81);
insert into vlak (id_vlak) values (82);
insert into vlak (id_vlak) values (83);
insert into vlak (id_vlak) values (84);
insert into vlak (id_vlak) values (85);
insert into vlak (id_vlak) values (86);
insert into vlak (id_vlak) values (87);
insert into vlak (id_vlak) values (88);
insert into vlak (id_vlak) values (89);
insert into vlak (id_vlak) values (90);
insert into vlak (id_vlak) values (91);
insert into vlak (id_vlak) values (92);
insert into vlak (id_vlak) values (93);
insert into vlak (id_vlak) values (94);
insert into vlak (id_vlak) values (95);
insert into vlak (id_vlak) values (96);
insert into vlak (id_vlak) values (97);
insert into vlak (id_vlak) values (98);
insert into vlak (id_vlak) values (99);
insert into vlak (id_vlak) values (100);


--insert osoba
insert into osoba (id_osoba, meno, priezvisko) values (1, 'Melany', 'Bricket');
insert into osoba (id_osoba, meno, priezvisko) values (2, 'Neall', 'Chaucer');
insert into osoba (id_osoba, meno, priezvisko) values (3, 'Alice', 'Tibald');
insert into osoba (id_osoba, meno, priezvisko) values (4, 'Ruthi', 'Tilt');
insert into osoba (id_osoba, meno, priezvisko) values (5, 'Yolanda', 'Micklem');
insert into osoba (id_osoba, meno, priezvisko) values (6, 'Rosella', 'Devaney');
insert into osoba (id_osoba, meno, priezvisko) values (7, 'Justus', 'Sewter');
insert into osoba (id_osoba, meno, priezvisko) values (8, 'Mel', 'Halfhide');
insert into osoba (id_osoba, meno, priezvisko) values (9, 'Kipp', 'Kielt');
insert into osoba (id_osoba, meno, priezvisko) values (10, 'Stacy', 'Gatenby');
insert into osoba (id_osoba, meno, priezvisko) values (11, 'Vanda', 'Skipp');
insert into osoba (id_osoba, meno, priezvisko) values (12, 'Matthaeus', 'Cavanagh');
insert into osoba (id_osoba, meno, priezvisko) values (13, 'Hartwell', 'Garret');
insert into osoba (id_osoba, meno, priezvisko) values (14, 'Jorgan', 'Shallow');
insert into osoba (id_osoba, meno, priezvisko) values (15, 'Val', 'Bridgewood');
insert into osoba (id_osoba, meno, priezvisko) values (16, 'Giacobo', 'Hruska');
insert into osoba (id_osoba, meno, priezvisko) values (17, 'Susanna', 'Fewster');
insert into osoba (id_osoba, meno, priezvisko) values (18, 'Ursuline', 'Vaan');
insert into osoba (id_osoba, meno, priezvisko) values (19, 'Thia', 'Aggas');
insert into osoba (id_osoba, meno, priezvisko) values (20, 'Ame', 'Coneybeer');
insert into osoba (id_osoba, meno, priezvisko) values (21, 'Dex', 'Yakuntzov');
insert into osoba (id_osoba, meno, priezvisko) values (22, 'Daloris', 'Sneddon');
insert into osoba (id_osoba, meno, priezvisko) values (23, 'Ted', 'Beer');
insert into osoba (id_osoba, meno, priezvisko) values (24, 'Leo', 'Heald');
insert into osoba (id_osoba, meno, priezvisko) values (25, 'Upton', 'Knibb');
insert into osoba (id_osoba, meno, priezvisko) values (26, 'Leonora', 'Marti');
insert into osoba (id_osoba, meno, priezvisko) values (27, 'Margi', 'Antecki');
insert into osoba (id_osoba, meno, priezvisko) values (28, 'Rosemarie', 'Ickovits');
insert into osoba (id_osoba, meno, priezvisko) values (29, 'Fons', 'Blodgett');
insert into osoba (id_osoba, meno, priezvisko) values (30, 'Judith', 'Birkbeck');
insert into osoba (id_osoba, meno, priezvisko) values (31, 'Darell', 'Scargle');
insert into osoba (id_osoba, meno, priezvisko) values (32, 'Joanna', 'Kierans');
insert into osoba (id_osoba, meno, priezvisko) values (33, 'Erda', 'Gludor');
insert into osoba (id_osoba, meno, priezvisko) values (34, 'Cart', 'Linbohm');
insert into osoba (id_osoba, meno, priezvisko) values (35, 'Roda', 'Dixcee');
insert into osoba (id_osoba, meno, priezvisko) values (36, 'Anne', 'Izkoveski');
insert into osoba (id_osoba, meno, priezvisko) values (37, 'Vikky', 'Beggan');
insert into osoba (id_osoba, meno, priezvisko) values (38, 'Cindee', 'Gask');
insert into osoba (id_osoba, meno, priezvisko) values (39, 'Graig', 'Weddup');
insert into osoba (id_osoba, meno, priezvisko) values (40, 'Georas', 'McGorley');
insert into osoba (id_osoba, meno, priezvisko) values (41, 'Walsh', 'Annon');
insert into osoba (id_osoba, meno, priezvisko) values (42, 'Gary', 'Carswell');
insert into osoba (id_osoba, meno, priezvisko) values (43, 'Lorraine', 'Chantrell');
insert into osoba (id_osoba, meno, priezvisko) values (44, 'Odelia', 'Widger');
insert into osoba (id_osoba, meno, priezvisko) values (45, 'Felicity', 'Barrell');
insert into osoba (id_osoba, meno, priezvisko) values (46, 'Ivy', 'Hinsche');
insert into osoba (id_osoba, meno, priezvisko) values (47, 'Rhonda', 'Gwinnel');
insert into osoba (id_osoba, meno, priezvisko) values (48, 'Gar', 'Vardon');
insert into osoba (id_osoba, meno, priezvisko) values (49, 'Byram', 'Burrells');
insert into osoba (id_osoba, meno, priezvisko) values (50, 'Adaline', 'McClintock');
insert into osoba (id_osoba, meno, priezvisko) values (51, 'Johnath', 'Woodsford');
insert into osoba (id_osoba, meno, priezvisko) values (52, 'Gabie', 'Gledhall');
insert into osoba (id_osoba, meno, priezvisko) values (53, 'Darius', 'Domniney');
insert into osoba (id_osoba, meno, priezvisko) values (54, 'Ruth', 'Dedden');
insert into osoba (id_osoba, meno, priezvisko) values (55, 'Karlee', 'Merryweather');
insert into osoba (id_osoba, meno, priezvisko) values (56, 'Maribeth', 'Stairs');
insert into osoba (id_osoba, meno, priezvisko) values (57, 'Swen', 'Bourley');
insert into osoba (id_osoba, meno, priezvisko) values (58, 'Angelique', 'Halfacre');
insert into osoba (id_osoba, meno, priezvisko) values (59, 'Leticia', 'Chainey');
insert into osoba (id_osoba, meno, priezvisko) values (60, 'Thorn', 'Giacomuzzi');
insert into osoba (id_osoba, meno, priezvisko) values (61, 'Ruthanne', 'Butcher');
insert into osoba (id_osoba, meno, priezvisko) values (62, 'Cristobal', 'McGarvie');
insert into osoba (id_osoba, meno, priezvisko) values (63, 'Jae', 'Yegorchenkov');
insert into osoba (id_osoba, meno, priezvisko) values (64, 'Blithe', 'Alexsandrev');
insert into osoba (id_osoba, meno, priezvisko) values (65, 'Dahlia', 'Kobel');
insert into osoba (id_osoba, meno, priezvisko) values (66, 'Marlo', 'Ciccarelli');
insert into osoba (id_osoba, meno, priezvisko) values (67, 'Samaria', 'Tolmie');
insert into osoba (id_osoba, meno, priezvisko) values (68, 'Jude', 'Pues');
insert into osoba (id_osoba, meno, priezvisko) values (69, 'Marjorie', 'Bodocs');
insert into osoba (id_osoba, meno, priezvisko) values (70, 'Jemie', 'Beauly');
insert into osoba (id_osoba, meno, priezvisko) values (71, 'Katrinka', 'Keller');
insert into osoba (id_osoba, meno, priezvisko) values (72, 'Siegfried', 'Jopp');
insert into osoba (id_osoba, meno, priezvisko) values (73, 'Hardy', 'Poyntz');
insert into osoba (id_osoba, meno, priezvisko) values (74, 'Donalt', 'Pettican');
insert into osoba (id_osoba, meno, priezvisko) values (75, 'Stevy', 'Sweedy');
insert into osoba (id_osoba, meno, priezvisko) values (76, 'Maje', 'Hyman');
insert into osoba (id_osoba, meno, priezvisko) values (77, 'Dennie', 'Jollie');
insert into osoba (id_osoba, meno, priezvisko) values (78, 'Adena', 'Prydden');
insert into osoba (id_osoba, meno, priezvisko) values (79, 'Atalanta', 'Pedrollo');
insert into osoba (id_osoba, meno, priezvisko) values (80, 'Gaelan', 'Yirrell');
insert into osoba (id_osoba, meno, priezvisko) values (81, 'Will', 'Lambin');
insert into osoba (id_osoba, meno, priezvisko) values (82, 'Erinn', 'Godmar');
insert into osoba (id_osoba, meno, priezvisko) values (83, 'Darrelle', 'Mattsson');
insert into osoba (id_osoba, meno, priezvisko) values (84, 'Dominick', 'Passy');
insert into osoba (id_osoba, meno, priezvisko) values (85, 'Tommie', 'Conws');
insert into osoba (id_osoba, meno, priezvisko) values (86, 'Hunter', 'Hellin');
insert into osoba (id_osoba, meno, priezvisko) values (87, 'Lanita', 'Freestone');
insert into osoba (id_osoba, meno, priezvisko) values (88, 'Darlleen', 'Strowger');
insert into osoba (id_osoba, meno, priezvisko) values (89, 'Tessa', 'Littlewood');
insert into osoba (id_osoba, meno, priezvisko) values (90, 'Alexio', 'Belfelt');
insert into osoba (id_osoba, meno, priezvisko) values (91, 'Kimball', 'Tripean');
insert into osoba (id_osoba, meno, priezvisko) values (92, 'Deena', 'Bromwich');
insert into osoba (id_osoba, meno, priezvisko) values (93, 'Donia', 'Castleman');
insert into osoba (id_osoba, meno, priezvisko) values (94, 'Taryn', 'Damiral');
insert into osoba (id_osoba, meno, priezvisko) values (95, 'Curr', 'Squibbes');
insert into osoba (id_osoba, meno, priezvisko) values (96, 'Crosby', 'Need');
insert into osoba (id_osoba, meno, priezvisko) values (97, 'Rock', 'O''Griffin');
insert into osoba (id_osoba, meno, priezvisko) values (98, 'Marylin', 'Alcalde');
insert into osoba (id_osoba, meno, priezvisko) values (99, 'Cathee', 'Meatcher');
insert into osoba (id_osoba, meno, priezvisko) values (100, 'Scarlett', 'Woolens');
insert into osoba (id_osoba, meno, priezvisko) values (101, 'Theresina', 'Casement');
insert into osoba (id_osoba, meno, priezvisko) values (102, 'Ofella', 'Van Driel');
insert into osoba (id_osoba, meno, priezvisko) values (103, 'Mathew', 'Coviello');
insert into osoba (id_osoba, meno, priezvisko) values (104, 'Caralie', 'Pelham');
insert into osoba (id_osoba, meno, priezvisko) values (105, 'Sonny', 'Colleton');
insert into osoba (id_osoba, meno, priezvisko) values (106, 'Leah', 'Jeandillou');
insert into osoba (id_osoba, meno, priezvisko) values (107, 'Bartlett', 'Dodshun');
insert into osoba (id_osoba, meno, priezvisko) values (108, 'Tanner', 'Beau');
insert into osoba (id_osoba, meno, priezvisko) values (109, 'Axe', 'Boddie');
insert into osoba (id_osoba, meno, priezvisko) values (110, 'Melodee', 'Stubbeley');
insert into osoba (id_osoba, meno, priezvisko) values (111, 'Belia', 'Putland');
insert into osoba (id_osoba, meno, priezvisko) values (112, 'Kalinda', 'Coulthurst');
insert into osoba (id_osoba, meno, priezvisko) values (113, 'Rhianon', 'Woolard');
insert into osoba (id_osoba, meno, priezvisko) values (114, 'Packston', 'Cogger');
insert into osoba (id_osoba, meno, priezvisko) values (115, 'Giuditta', 'Lysons');
insert into osoba (id_osoba, meno, priezvisko) values (116, 'Inness', 'Ball');
insert into osoba (id_osoba, meno, priezvisko) values (117, 'Lurline', 'Bottini');
insert into osoba (id_osoba, meno, priezvisko) values (118, 'Stillmann', 'Garrettson');
insert into osoba (id_osoba, meno, priezvisko) values (119, 'Nichol', 'Penas');
insert into osoba (id_osoba, meno, priezvisko) values (120, 'Sandro', 'Baitey');
insert into osoba (id_osoba, meno, priezvisko) values (121, 'Walker', 'Brigham');
insert into osoba (id_osoba, meno, priezvisko) values (122, 'Janette', 'Karpychev');
insert into osoba (id_osoba, meno, priezvisko) values (123, 'Reynard', 'Cappel');
insert into osoba (id_osoba, meno, priezvisko) values (124, 'Alys', 'Sandcraft');
insert into osoba (id_osoba, meno, priezvisko) values (125, 'Celka', 'Seaward');
insert into osoba (id_osoba, meno, priezvisko) values (126, 'Flory', 'Stanaway');
insert into osoba (id_osoba, meno, priezvisko) values (127, 'Adena', 'Bomb');
insert into osoba (id_osoba, meno, priezvisko) values (128, 'Cheston', 'Waldron');
insert into osoba (id_osoba, meno, priezvisko) values (129, 'Gail', 'MacLachlan');
insert into osoba (id_osoba, meno, priezvisko) values (130, 'Willi', 'Welton');
insert into osoba (id_osoba, meno, priezvisko) values (131, 'Conn', 'Roussel');
insert into osoba (id_osoba, meno, priezvisko) values (132, 'Danny', 'Kubiczek');
insert into osoba (id_osoba, meno, priezvisko) values (133, 'Irvin', 'Blackbrough');
insert into osoba (id_osoba, meno, priezvisko) values (134, 'Kaja', 'Budleigh');
insert into osoba (id_osoba, meno, priezvisko) values (135, 'Jeramie', 'Bickerdike');
insert into osoba (id_osoba, meno, priezvisko) values (136, 'Claudette', 'Quig');
insert into osoba (id_osoba, meno, priezvisko) values (137, 'Loreen', 'Leah');
insert into osoba (id_osoba, meno, priezvisko) values (138, 'Ernesta', 'Tixall');
insert into osoba (id_osoba, meno, priezvisko) values (139, 'Niles', 'Purser');
insert into osoba (id_osoba, meno, priezvisko) values (140, 'Josie', 'Boynton');
insert into osoba (id_osoba, meno, priezvisko) values (141, 'Skip', 'Coveley');
insert into osoba (id_osoba, meno, priezvisko) values (142, 'Andris', 'Biesinger');
insert into osoba (id_osoba, meno, priezvisko) values (143, 'Catherine', 'Morrell');
insert into osoba (id_osoba, meno, priezvisko) values (144, 'Xaviera', 'Kinnaird');
insert into osoba (id_osoba, meno, priezvisko) values (145, 'Terri', 'Marrable');
insert into osoba (id_osoba, meno, priezvisko) values (146, 'Kesley', 'aManger');
insert into osoba (id_osoba, meno, priezvisko) values (147, 'Ross', 'Currum');
insert into osoba (id_osoba, meno, priezvisko) values (148, 'Dierdre', 'Segge');
insert into osoba (id_osoba, meno, priezvisko) values (149, 'Arri', 'Scoffins');
insert into osoba (id_osoba, meno, priezvisko) values (150, 'Karla', 'Bessom');
insert into osoba (id_osoba, meno, priezvisko) values (151, 'Doretta', 'Bickardike');
insert into osoba (id_osoba, meno, priezvisko) values (152, 'Kenneth', 'Cobley');
insert into osoba (id_osoba, meno, priezvisko) values (153, 'Arny', 'Seres');
insert into osoba (id_osoba, meno, priezvisko) values (154, 'Khalil', 'Standish');
insert into osoba (id_osoba, meno, priezvisko) values (155, 'Gun', 'Louca');
insert into osoba (id_osoba, meno, priezvisko) values (156, 'Diena', 'Cremer');
insert into osoba (id_osoba, meno, priezvisko) values (157, 'Joe', 'Fishby');
insert into osoba (id_osoba, meno, priezvisko) values (158, 'Abdel', 'Sanham');
insert into osoba (id_osoba, meno, priezvisko) values (159, 'Ardis', 'Nockolds');
insert into osoba (id_osoba, meno, priezvisko) values (160, 'Adriane', 'Fattorini');
insert into osoba (id_osoba, meno, priezvisko) values (161, 'Alidia', 'Welldrake');
insert into osoba (id_osoba, meno, priezvisko) values (162, 'Maximilien', 'Jaime');
insert into osoba (id_osoba, meno, priezvisko) values (163, 'Curry', 'Norkutt');
insert into osoba (id_osoba, meno, priezvisko) values (164, 'Rachel', 'Lackner');
insert into osoba (id_osoba, meno, priezvisko) values (165, 'Janeczka', 'Swaton');
insert into osoba (id_osoba, meno, priezvisko) values (166, 'Chrissie', 'Longhorne');
insert into osoba (id_osoba, meno, priezvisko) values (167, 'Elise', 'Prendergrass');
insert into osoba (id_osoba, meno, priezvisko) values (168, 'Alissa', 'Sprionghall');
insert into osoba (id_osoba, meno, priezvisko) values (169, 'Glen', 'Balcers');
insert into osoba (id_osoba, meno, priezvisko) values (170, 'Randi', 'Florio');
insert into osoba (id_osoba, meno, priezvisko) values (171, 'Joelly', 'Jedrzejczak');
insert into osoba (id_osoba, meno, priezvisko) values (172, 'Evie', 'Paramore');
insert into osoba (id_osoba, meno, priezvisko) values (173, 'Vincent', 'Jiran');
insert into osoba (id_osoba, meno, priezvisko) values (174, 'Cammie', 'Nightingale');
insert into osoba (id_osoba, meno, priezvisko) values (175, 'Raynell', 'Lakenton');
insert into osoba (id_osoba, meno, priezvisko) values (176, 'Phylys', 'Scamp');
insert into osoba (id_osoba, meno, priezvisko) values (177, 'Marta', 'Moizer');
insert into osoba (id_osoba, meno, priezvisko) values (178, 'Cece', 'Forsdike');
insert into osoba (id_osoba, meno, priezvisko) values (179, 'Emmalynne', 'Croucher');
insert into osoba (id_osoba, meno, priezvisko) values (180, 'Georgiana', 'McElmurray');
insert into osoba (id_osoba, meno, priezvisko) values (181, 'Irving', 'Brasier');
insert into osoba (id_osoba, meno, priezvisko) values (182, 'Cullan', 'Brightman');
insert into osoba (id_osoba, meno, priezvisko) values (183, 'Felicio', 'Oldale');
insert into osoba (id_osoba, meno, priezvisko) values (184, 'Roger', 'Jakubovics');
insert into osoba (id_osoba, meno, priezvisko) values (185, 'Dahlia', 'Pawlyn');
insert into osoba (id_osoba, meno, priezvisko) values (186, 'Chickie', 'Mohring');
insert into osoba (id_osoba, meno, priezvisko) values (187, 'Benni', 'Cashman');
insert into osoba (id_osoba, meno, priezvisko) values (188, 'Lebbie', 'Collings');
insert into osoba (id_osoba, meno, priezvisko) values (189, 'Kristien', 'Rashleigh');
insert into osoba (id_osoba, meno, priezvisko) values (190, 'Adriano', 'Busen');
insert into osoba (id_osoba, meno, priezvisko) values (191, 'Clemmy', 'Janousek');
insert into osoba (id_osoba, meno, priezvisko) values (192, 'Yank', 'Cready');
insert into osoba (id_osoba, meno, priezvisko) values (193, 'Emily', 'Heyfield');
insert into osoba (id_osoba, meno, priezvisko) values (194, 'Shel', 'Maycock');
insert into osoba (id_osoba, meno, priezvisko) values (195, 'Carly', 'Mitcham');
insert into osoba (id_osoba, meno, priezvisko) values (196, 'Ruggiero', 'McGann');
insert into osoba (id_osoba, meno, priezvisko) values (197, 'Aristotle', 'Phelips');
insert into osoba (id_osoba, meno, priezvisko) values (198, 'Ardis', 'Clacson');
insert into osoba (id_osoba, meno, priezvisko) values (199, 'Taite', 'Barthrop');
insert into osoba (id_osoba, meno, priezvisko) values (200, 'Linus', 'Iwanczyk');
insert into osoba (id_osoba, meno, priezvisko) values (201, 'Arlyn', 'Pappin');
insert into osoba (id_osoba, meno, priezvisko) values (202, 'Terese', 'Lyne');
insert into osoba (id_osoba, meno, priezvisko) values (203, 'Sarette', 'Camerello');
insert into osoba (id_osoba, meno, priezvisko) values (204, 'Whitaker', 'Bedingfield');
insert into osoba (id_osoba, meno, priezvisko) values (205, 'Justus', 'Eringey');
insert into osoba (id_osoba, meno, priezvisko) values (206, 'Farah', 'Pennells');
insert into osoba (id_osoba, meno, priezvisko) values (207, 'Denise', 'Wapples');
insert into osoba (id_osoba, meno, priezvisko) values (208, 'Jude', 'Alliberton');
insert into osoba (id_osoba, meno, priezvisko) values (209, 'Melodie', 'Carling');
insert into osoba (id_osoba, meno, priezvisko) values (210, 'Jeannette', 'Mold');
insert into osoba (id_osoba, meno, priezvisko) values (211, 'Ferdie', 'Lattin');
insert into osoba (id_osoba, meno, priezvisko) values (212, 'Patric', 'Lent');
insert into osoba (id_osoba, meno, priezvisko) values (213, 'Brigg', 'Seville');
insert into osoba (id_osoba, meno, priezvisko) values (214, 'Iorgo', 'Ede');
insert into osoba (id_osoba, meno, priezvisko) values (215, 'Dirk', 'Davio');
insert into osoba (id_osoba, meno, priezvisko) values (216, 'Wilbert', 'Anstis');
insert into osoba (id_osoba, meno, priezvisko) values (217, 'Lee', 'Vautier');
insert into osoba (id_osoba, meno, priezvisko) values (218, 'Sisely', 'Cluett');
insert into osoba (id_osoba, meno, priezvisko) values (219, 'Zaneta', 'Cavan');
insert into osoba (id_osoba, meno, priezvisko) values (220, 'Alexia', 'Everson');
insert into osoba (id_osoba, meno, priezvisko) values (221, 'Agna', 'Fritzer');
insert into osoba (id_osoba, meno, priezvisko) values (222, 'Cherri', 'Pebworth');
insert into osoba (id_osoba, meno, priezvisko) values (223, 'Silvia', 'Tonbridge');
insert into osoba (id_osoba, meno, priezvisko) values (224, 'Minette', 'Arber');
insert into osoba (id_osoba, meno, priezvisko) values (225, 'Darryl', 'Bushe');
insert into osoba (id_osoba, meno, priezvisko) values (226, 'Cleopatra', 'Warby');
insert into osoba (id_osoba, meno, priezvisko) values (227, 'Marcia', 'Ferrettino');
insert into osoba (id_osoba, meno, priezvisko) values (228, 'Madelon', 'Anand');
insert into osoba (id_osoba, meno, priezvisko) values (229, 'Hal', 'Geeraert');
insert into osoba (id_osoba, meno, priezvisko) values (230, 'Mel', 'Grassi');
insert into osoba (id_osoba, meno, priezvisko) values (231, 'Hamel', 'Jouaneton');
insert into osoba (id_osoba, meno, priezvisko) values (232, 'Diana', 'Dowgill');
insert into osoba (id_osoba, meno, priezvisko) values (233, 'Renell', 'Pietruschka');
insert into osoba (id_osoba, meno, priezvisko) values (234, 'Helga', 'Rubbens');
insert into osoba (id_osoba, meno, priezvisko) values (235, 'Fredelia', 'Lugg');
insert into osoba (id_osoba, meno, priezvisko) values (236, 'Mira', 'Rodmell');
insert into osoba (id_osoba, meno, priezvisko) values (237, 'Marybeth', 'Kuschel');
insert into osoba (id_osoba, meno, priezvisko) values (238, 'Joycelin', 'Liddell');
insert into osoba (id_osoba, meno, priezvisko) values (239, 'Robby', 'Korejs');
insert into osoba (id_osoba, meno, priezvisko) values (240, 'Jany', 'Parriss');
insert into osoba (id_osoba, meno, priezvisko) values (241, 'Caren', 'Burgum');
insert into osoba (id_osoba, meno, priezvisko) values (242, 'Johann', 'Sugars');
insert into osoba (id_osoba, meno, priezvisko) values (243, 'Billi', 'Bennedsen');
insert into osoba (id_osoba, meno, priezvisko) values (244, 'Briana', 'Lowe');
insert into osoba (id_osoba, meno, priezvisko) values (245, 'Broddie', 'Kohter');
insert into osoba (id_osoba, meno, priezvisko) values (246, 'Case', 'Djekovic');
insert into osoba (id_osoba, meno, priezvisko) values (247, 'Giorgi', 'Hannon');
insert into osoba (id_osoba, meno, priezvisko) values (248, 'Clyve', 'Clyde');
insert into osoba (id_osoba, meno, priezvisko) values (249, 'Betteann', 'Agge');
insert into osoba (id_osoba, meno, priezvisko) values (250, 'Nicole', 'Roch');
insert into osoba (id_osoba, meno, priezvisko) values (251, 'Abra', 'Fanshawe');
insert into osoba (id_osoba, meno, priezvisko) values (252, 'Nerta', 'Truman');
insert into osoba (id_osoba, meno, priezvisko) values (253, 'Petr', 'Antonutti');
insert into osoba (id_osoba, meno, priezvisko) values (254, 'Zuzana', 'Siaspinski');
insert into osoba (id_osoba, meno, priezvisko) values (255, 'Latrena', 'Sheldon');
insert into osoba (id_osoba, meno, priezvisko) values (256, 'Hildagard', 'Passingham');
insert into osoba (id_osoba, meno, priezvisko) values (257, 'Riordan', 'Meikle');
insert into osoba (id_osoba, meno, priezvisko) values (258, 'Angus', 'Medmore');
insert into osoba (id_osoba, meno, priezvisko) values (259, 'Clair', 'Stowell');
insert into osoba (id_osoba, meno, priezvisko) values (260, 'Alvis', 'Rivel');
insert into osoba (id_osoba, meno, priezvisko) values (261, 'Joane', 'Cicchitello');
insert into osoba (id_osoba, meno, priezvisko) values (262, 'Pauline', 'McKenney');
insert into osoba (id_osoba, meno, priezvisko) values (263, 'Karna', 'Miell');
insert into osoba (id_osoba, meno, priezvisko) values (264, 'Halley', 'Maddrell');
insert into osoba (id_osoba, meno, priezvisko) values (265, 'Yanaton', 'Hannaford');
insert into osoba (id_osoba, meno, priezvisko) values (266, 'Phillida', 'Maxworthy');
insert into osoba (id_osoba, meno, priezvisko) values (267, 'Joelle', 'Iacovielli');
insert into osoba (id_osoba, meno, priezvisko) values (268, 'Dermot', 'Ebbotts');
insert into osoba (id_osoba, meno, priezvisko) values (269, 'Clair', 'Van Schafflaer');
insert into osoba (id_osoba, meno, priezvisko) values (270, 'Jabez', 'Kobierra');
insert into osoba (id_osoba, meno, priezvisko) values (271, 'Rudd', 'Jull');
insert into osoba (id_osoba, meno, priezvisko) values (272, 'Bjorn', 'Kobsch');
insert into osoba (id_osoba, meno, priezvisko) values (273, 'Edward', 'Delgadillo');
insert into osoba (id_osoba, meno, priezvisko) values (274, 'Augusta', 'McIndoe');
insert into osoba (id_osoba, meno, priezvisko) values (275, 'Fernande', 'Kemetz');
insert into osoba (id_osoba, meno, priezvisko) values (276, 'Jemmy', 'Fridd');
insert into osoba (id_osoba, meno, priezvisko) values (277, 'Alex', 'Standbrooke');
insert into osoba (id_osoba, meno, priezvisko) values (278, 'Vickie', 'Fettis');
insert into osoba (id_osoba, meno, priezvisko) values (279, 'Garrott', 'Wride');
insert into osoba (id_osoba, meno, priezvisko) values (280, 'Ulrick', 'Thurlow');
insert into osoba (id_osoba, meno, priezvisko) values (281, 'Emanuel', 'Siemandl');
insert into osoba (id_osoba, meno, priezvisko) values (282, 'Sauveur', 'Hlavecek');
insert into osoba (id_osoba, meno, priezvisko) values (283, 'Pietrek', 'Macieiczyk');
insert into osoba (id_osoba, meno, priezvisko) values (284, 'Davey', 'Byk');
insert into osoba (id_osoba, meno, priezvisko) values (285, 'Merla', 'Lanfer');
insert into osoba (id_osoba, meno, priezvisko) values (286, 'Patricia', 'Vasquez');
insert into osoba (id_osoba, meno, priezvisko) values (287, 'Odette', 'Prazor');
insert into osoba (id_osoba, meno, priezvisko) values (288, 'Marmaduke', 'Redferne');
insert into osoba (id_osoba, meno, priezvisko) values (289, 'Perceval', 'Raison');
insert into osoba (id_osoba, meno, priezvisko) values (290, 'Annabel', 'Thackwray');
insert into osoba (id_osoba, meno, priezvisko) values (291, 'Crissy', 'Hydes');
insert into osoba (id_osoba, meno, priezvisko) values (292, 'Conn', 'Ghion');
insert into osoba (id_osoba, meno, priezvisko) values (293, 'Thea', 'Looker');
insert into osoba (id_osoba, meno, priezvisko) values (294, 'Chelsey', 'Carlet');
insert into osoba (id_osoba, meno, priezvisko) values (295, 'Tannie', 'McWilliam');
insert into osoba (id_osoba, meno, priezvisko) values (296, 'Daniele', 'Rabbage');
insert into osoba (id_osoba, meno, priezvisko) values (297, 'Staffard', 'Dillistone');
insert into osoba (id_osoba, meno, priezvisko) values (298, 'Pete', 'Clarey');
insert into osoba (id_osoba, meno, priezvisko) values (299, 'Christi', 'Chidlow');
insert into osoba (id_osoba, meno, priezvisko) values (300, 'Roseanna', 'Rembrant');
insert into osoba (id_osoba, meno, priezvisko) values (301, 'Conn', 'Eye');
insert into osoba (id_osoba, meno, priezvisko) values (302, 'Neille', 'Yarnton');
insert into osoba (id_osoba, meno, priezvisko) values (303, 'Estrella', 'Lummus');
insert into osoba (id_osoba, meno, priezvisko) values (304, 'Fayth', 'Marzellano');
insert into osoba (id_osoba, meno, priezvisko) values (305, 'Claudia', 'McKall');
insert into osoba (id_osoba, meno, priezvisko) values (306, 'Lanette', 'Flight');
insert into osoba (id_osoba, meno, priezvisko) values (307, 'Lennie', 'Huntingdon');
insert into osoba (id_osoba, meno, priezvisko) values (308, 'Massimo', 'Hearne');
insert into osoba (id_osoba, meno, priezvisko) values (309, 'Agnella', 'Checo');
insert into osoba (id_osoba, meno, priezvisko) values (310, 'Pennie', 'Drackford');
insert into osoba (id_osoba, meno, priezvisko) values (311, 'Vaughan', 'Gartery');
insert into osoba (id_osoba, meno, priezvisko) values (312, 'Vaclav', 'Wills');
insert into osoba (id_osoba, meno, priezvisko) values (313, 'Grove', 'Ferreira');
insert into osoba (id_osoba, meno, priezvisko) values (314, 'Cesya', 'Cornick');
insert into osoba (id_osoba, meno, priezvisko) values (315, 'Cris', 'Soonhouse');
insert into osoba (id_osoba, meno, priezvisko) values (316, 'Rozele', 'Peerman');
insert into osoba (id_osoba, meno, priezvisko) values (317, 'Verine', 'Hosier');
insert into osoba (id_osoba, meno, priezvisko) values (318, 'Bibbie', 'Hellen');
insert into osoba (id_osoba, meno, priezvisko) values (319, 'Polly', 'Fraschetti');
insert into osoba (id_osoba, meno, priezvisko) values (320, 'Sorcha', 'Lendon');
insert into osoba (id_osoba, meno, priezvisko) values (321, 'Dyan', 'Willmott');
insert into osoba (id_osoba, meno, priezvisko) values (322, 'Rolland', 'Hannigane');
insert into osoba (id_osoba, meno, priezvisko) values (323, 'Maura', 'Bonney');
insert into osoba (id_osoba, meno, priezvisko) values (324, 'Chalmers', 'Gartan');
insert into osoba (id_osoba, meno, priezvisko) values (325, 'Virgina', 'Curgenuer');
insert into osoba (id_osoba, meno, priezvisko) values (326, 'Devonne', 'Atteridge');
insert into osoba (id_osoba, meno, priezvisko) values (327, 'Cyrillus', 'Blundan');
insert into osoba (id_osoba, meno, priezvisko) values (328, 'Darby', 'Cleevely');
insert into osoba (id_osoba, meno, priezvisko) values (329, 'Cassi', 'Scraney');
insert into osoba (id_osoba, meno, priezvisko) values (330, 'Bronny', 'Sayton');
insert into osoba (id_osoba, meno, priezvisko) values (331, 'Rickert', 'Dickins');
insert into osoba (id_osoba, meno, priezvisko) values (332, 'Ransell', 'Dashkovich');
insert into osoba (id_osoba, meno, priezvisko) values (333, 'Andrej', 'Cescot');
insert into osoba (id_osoba, meno, priezvisko) values (334, 'Mufi', 'Essam');
insert into osoba (id_osoba, meno, priezvisko) values (335, 'Dorie', 'Roundtree');
insert into osoba (id_osoba, meno, priezvisko) values (336, 'Edmund', 'Jirka');
insert into osoba (id_osoba, meno, priezvisko) values (337, 'Johannah', 'Turtle');
insert into osoba (id_osoba, meno, priezvisko) values (338, 'Carissa', 'Yerrall');
insert into osoba (id_osoba, meno, priezvisko) values (339, 'Timi', 'Tures');
insert into osoba (id_osoba, meno, priezvisko) values (340, 'Ramon', 'Seth');
insert into osoba (id_osoba, meno, priezvisko) values (341, 'Brigitte', 'Blackaby');
insert into osoba (id_osoba, meno, priezvisko) values (342, 'Leontyne', 'Poll');
insert into osoba (id_osoba, meno, priezvisko) values (343, 'Ketty', 'Garvey');
insert into osoba (id_osoba, meno, priezvisko) values (344, 'Pearla', 'Gawke');
insert into osoba (id_osoba, meno, priezvisko) values (345, 'Aila', 'Karoly');
insert into osoba (id_osoba, meno, priezvisko) values (346, 'Taber', 'Moar');
insert into osoba (id_osoba, meno, priezvisko) values (347, 'Dorie', 'Weld');
insert into osoba (id_osoba, meno, priezvisko) values (348, 'Karil', 'Rippingale');
insert into osoba (id_osoba, meno, priezvisko) values (349, 'Ollie', 'Mc Trusty');
insert into osoba (id_osoba, meno, priezvisko) values (350, 'Conni', 'De Lorenzo');
insert into osoba (id_osoba, meno, priezvisko) values (351, 'Hersh', 'Stollmeyer');
insert into osoba (id_osoba, meno, priezvisko) values (352, 'Letta', 'Krimmer');
insert into osoba (id_osoba, meno, priezvisko) values (353, 'Querida', 'Yushankin');
insert into osoba (id_osoba, meno, priezvisko) values (354, 'Chancey', 'Bearfoot');
insert into osoba (id_osoba, meno, priezvisko) values (355, 'Ilysa', 'Haggish');
insert into osoba (id_osoba, meno, priezvisko) values (356, 'Felic', 'Garred');
insert into osoba (id_osoba, meno, priezvisko) values (357, 'Kelcey', 'Winsper');
insert into osoba (id_osoba, meno, priezvisko) values (358, 'Cindy', 'Sawart');
insert into osoba (id_osoba, meno, priezvisko) values (359, 'Dallas', 'Chasen');
insert into osoba (id_osoba, meno, priezvisko) values (360, 'Clotilda', 'Corradetti');
insert into osoba (id_osoba, meno, priezvisko) values (361, 'Walker', 'Skamell');
insert into osoba (id_osoba, meno, priezvisko) values (362, 'Boycie', 'Ferrer');
insert into osoba (id_osoba, meno, priezvisko) values (363, 'Justen', 'Coddrington');
insert into osoba (id_osoba, meno, priezvisko) values (364, 'Fidela', 'Vogelein');
insert into osoba (id_osoba, meno, priezvisko) values (365, 'Almeta', 'Ferfulle');
insert into osoba (id_osoba, meno, priezvisko) values (366, 'Xever', 'Bradden');
insert into osoba (id_osoba, meno, priezvisko) values (367, 'Willamina', 'Minchi');
insert into osoba (id_osoba, meno, priezvisko) values (368, 'Kalindi', 'Manthorpe');
insert into osoba (id_osoba, meno, priezvisko) values (369, 'Arabella', 'Ledley');
insert into osoba (id_osoba, meno, priezvisko) values (370, 'Hendrik', 'Florez');
insert into osoba (id_osoba, meno, priezvisko) values (371, 'Viviana', 'Vauter');
insert into osoba (id_osoba, meno, priezvisko) values (372, 'Jaimie', 'Sturte');
insert into osoba (id_osoba, meno, priezvisko) values (373, 'Penn', 'Sugarman');
insert into osoba (id_osoba, meno, priezvisko) values (374, 'Tani', 'Calow');
insert into osoba (id_osoba, meno, priezvisko) values (375, 'Evy', 'Grouer');
insert into osoba (id_osoba, meno, priezvisko) values (376, 'Nydia', 'Eborall');
insert into osoba (id_osoba, meno, priezvisko) values (377, 'Aurlie', 'Martill');
insert into osoba (id_osoba, meno, priezvisko) values (378, 'Filmore', 'Magister');
insert into osoba (id_osoba, meno, priezvisko) values (379, 'Arlyn', 'Nollet');
insert into osoba (id_osoba, meno, priezvisko) values (380, 'Elfie', 'Shapcott');
insert into osoba (id_osoba, meno, priezvisko) values (381, 'Madalyn', 'Alforde');
insert into osoba (id_osoba, meno, priezvisko) values (382, 'Guinna', 'Shemilt');
insert into osoba (id_osoba, meno, priezvisko) values (383, 'Leonardo', 'Barens');
insert into osoba (id_osoba, meno, priezvisko) values (384, 'Margarethe', 'Aikman');
insert into osoba (id_osoba, meno, priezvisko) values (385, 'Marjory', 'Bugge');
insert into osoba (id_osoba, meno, priezvisko) values (386, 'Petr', 'Kerfoot');
insert into osoba (id_osoba, meno, priezvisko) values (387, 'Ignatius', 'Tupman');
insert into osoba (id_osoba, meno, priezvisko) values (388, 'Rosamond', 'Gruczka');
insert into osoba (id_osoba, meno, priezvisko) values (389, 'Shannen', 'Lesley');
insert into osoba (id_osoba, meno, priezvisko) values (390, 'Ward', 'Westoff');
insert into osoba (id_osoba, meno, priezvisko) values (391, 'Beverie', 'Raven');
insert into osoba (id_osoba, meno, priezvisko) values (392, 'Wilton', 'Stebbing');
insert into osoba (id_osoba, meno, priezvisko) values (393, 'Selestina', 'Egel');
insert into osoba (id_osoba, meno, priezvisko) values (394, 'Bobby', 'Sharland');
insert into osoba (id_osoba, meno, priezvisko) values (395, 'Ogdan', 'Tumasian');
insert into osoba (id_osoba, meno, priezvisko) values (396, 'Cherish', 'Prantl');
insert into osoba (id_osoba, meno, priezvisko) values (397, 'Marjy', 'Drever');
insert into osoba (id_osoba, meno, priezvisko) values (398, 'Farlay', 'Ball');
insert into osoba (id_osoba, meno, priezvisko) values (399, 'Laverna', 'Garrelts');
insert into osoba (id_osoba, meno, priezvisko) values (400, 'Milissent', 'Playhill');


-- insert vypravca
insert into vypravca (id_osoba, plat) values (50, 1489);
insert into vypravca (id_osoba, plat) values (51, 1367);
insert into vypravca (id_osoba, plat) values (52, 1260);
insert into vypravca (id_osoba, plat) values (53, 1054);
insert into vypravca (id_osoba, plat) values (54, 1193);
insert into vypravca (id_osoba, plat) values (55, 1442);
insert into vypravca (id_osoba, plat) values (56, 1273);
insert into vypravca (id_osoba, plat) values (57, 1086);
insert into vypravca (id_osoba, plat) values (58, 1357);
insert into vypravca (id_osoba, plat) values (59, 1416);
insert into vypravca (id_osoba, plat) values (60, 1291);
insert into vypravca (id_osoba, plat) values (61, 1388);
insert into vypravca (id_osoba, plat) values (62, 1383);
insert into vypravca (id_osoba, plat) values (63, 1098);
insert into vypravca (id_osoba, plat) values (64, 1000);
insert into vypravca (id_osoba, plat) values (65, 1040);
insert into vypravca (id_osoba, plat) values (66, 1164);
insert into vypravca (id_osoba, plat) values (67, 1200);
insert into vypravca (id_osoba, plat) values (68, 1107);
insert into vypravca (id_osoba, plat) values (69, 1388);
insert into vypravca (id_osoba, plat) values (70, 1249);
insert into vypravca (id_osoba, plat) values (71, 1385);
insert into vypravca (id_osoba, plat) values (72, 1283);
insert into vypravca (id_osoba, plat) values (73, 1285);
insert into vypravca (id_osoba, plat) values (74, 1251);
insert into vypravca (id_osoba, plat) values (75, 1228);
insert into vypravca (id_osoba, plat) values (76, 1249);
insert into vypravca (id_osoba, plat) values (77, 1333);
insert into vypravca (id_osoba, plat) values (78, 1045);
insert into vypravca (id_osoba, plat) values (79, 1052);
insert into vypravca (id_osoba, plat) values (80, 1081);
insert into vypravca (id_osoba, plat) values (81, 1087);
insert into vypravca (id_osoba, plat) values (82, 1069);
insert into vypravca (id_osoba, plat) values (83, 1438);
insert into vypravca (id_osoba, plat) values (84, 1406);
insert into vypravca (id_osoba, plat) values (85, 1496);
insert into vypravca (id_osoba, plat) values (86, 1122);
insert into vypravca (id_osoba, plat) values (87, 1484);
insert into vypravca (id_osoba, plat) values (88, 1124);
insert into vypravca (id_osoba, plat) values (89, 1240);
insert into vypravca (id_osoba, plat) values (90, 1184);
insert into vypravca (id_osoba, plat) values (91, 1145);
insert into vypravca (id_osoba, plat) values (92, 1137);
insert into vypravca (id_osoba, plat) values (93, 1437);
insert into vypravca (id_osoba, plat) values (94, 1329);
insert into vypravca (id_osoba, plat) values (95, 1056);
insert into vypravca (id_osoba, plat) values (96, 1236);
insert into vypravca (id_osoba, plat) values (97, 1294);
insert into vypravca (id_osoba, plat) values (98, 1492);
insert into vypravca (id_osoba, plat) values (99, 1208);


-- insert kolaj
insert into kolaj (cislo) values (1);
insert into kolaj (cislo) values (2);
insert into kolaj (cislo) values (3);
insert into kolaj (cislo) values (4);
insert into kolaj (cislo) values (5);
insert into kolaj (cislo) values (6);
insert into kolaj (cislo) values (7);
insert into kolaj (cislo) values (8);


-- insert vypravca_kolaj
insert into vypravca_kolaj (id_osoba, cislo) values (62, 2);
insert into vypravca_kolaj (id_osoba, cislo) values (51, 4);
insert into vypravca_kolaj (id_osoba, cislo) values (52, 5);
insert into vypravca_kolaj (id_osoba, cislo) values (53, 4);
insert into vypravca_kolaj (id_osoba, cislo) values (62, 1);
insert into vypravca_kolaj (id_osoba, cislo) values (55, 6);
insert into vypravca_kolaj (id_osoba, cislo) values (56, 4);
insert into vypravca_kolaj (id_osoba, cislo) values (57, 6);
insert into vypravca_kolaj (id_osoba, cislo) values (58, 5);
insert into vypravca_kolaj (id_osoba, cislo) values (59, 6);
insert into vypravca_kolaj (id_osoba, cislo) values (60, 2);
insert into vypravca_kolaj (id_osoba, cislo) values (61, 6);
insert into vypravca_kolaj (id_osoba, cislo) values (62, 5);
insert into vypravca_kolaj (id_osoba, cislo) values (63, 7);
insert into vypravca_kolaj (id_osoba, cislo) values (64, 7);
insert into vypravca_kolaj (id_osoba, cislo) values (65, 7);
insert into vypravca_kolaj (id_osoba, cislo) values (66, 3);
insert into vypravca_kolaj (id_osoba, cislo) values (67, 5);
insert into vypravca_kolaj (id_osoba, cislo) values (68, 6);
insert into vypravca_kolaj (id_osoba, cislo) values (69, 6);
insert into vypravca_kolaj (id_osoba, cislo) values (70, 1);
insert into vypravca_kolaj (id_osoba, cislo) values (71, 5);
insert into vypravca_kolaj (id_osoba, cislo) values (72, 2);
insert into vypravca_kolaj (id_osoba, cislo) values (73, 6);
insert into vypravca_kolaj (id_osoba, cislo) values (62, 4);
insert into vypravca_kolaj (id_osoba, cislo) values (75, 6);
insert into vypravca_kolaj (id_osoba, cislo) values (76, 5);
insert into vypravca_kolaj (id_osoba, cislo) values (77, 4);
insert into vypravca_kolaj (id_osoba, cislo) values (78, 6);
insert into vypravca_kolaj (id_osoba, cislo) values (62, 6);
insert into vypravca_kolaj (id_osoba, cislo) values (62, 8);
insert into vypravca_kolaj (id_osoba, cislo) values (81, 1);
insert into vypravca_kolaj (id_osoba, cislo) values (82, 1);
insert into vypravca_kolaj (id_osoba, cislo) values (83, 4);
insert into vypravca_kolaj (id_osoba, cislo) values (84, 3);
insert into vypravca_kolaj (id_osoba, cislo) values (85, 7);
insert into vypravca_kolaj (id_osoba, cislo) values (86, 5);
insert into vypravca_kolaj (id_osoba, cislo) values (87, 7);
insert into vypravca_kolaj (id_osoba, cislo) values (88, 5);
insert into vypravca_kolaj (id_osoba, cislo) values (89, 2);
insert into vypravca_kolaj (id_osoba, cislo) values (90, 2);
insert into vypravca_kolaj (id_osoba, cislo) values (91, 3);
insert into vypravca_kolaj (id_osoba, cislo) values (92, 8);
insert into vypravca_kolaj (id_osoba, cislo) values (93, 4);
insert into vypravca_kolaj (id_osoba, cislo) values (94, 4);
insert into vypravca_kolaj (id_osoba, cislo) values (95, 3);
insert into vypravca_kolaj (id_osoba, cislo) values (96, 5);
insert into vypravca_kolaj (id_osoba, cislo) values (97, 5);
insert into vypravca_kolaj (id_osoba, cislo) values (98, 7);
insert into vypravca_kolaj (id_osoba, cislo) values (99, 1);
insert into vypravca_kolaj (id_osoba, cislo) values (50, 2);
insert into vypravca_kolaj (id_osoba, cislo) values (51, 2);
insert into vypravca_kolaj (id_osoba, cislo) values (52, 1);
insert into vypravca_kolaj (id_osoba, cislo) values (53, 6);
insert into vypravca_kolaj (id_osoba, cislo) values (54, 5);
insert into vypravca_kolaj (id_osoba, cislo) values (55, 8);
insert into vypravca_kolaj (id_osoba, cislo) values (56, 3);
insert into vypravca_kolaj (id_osoba, cislo) values (57, 5);
insert into vypravca_kolaj (id_osoba, cislo) values (59, 5);
insert into vypravca_kolaj (id_osoba, cislo) values (58, 6);
insert into vypravca_kolaj (id_osoba, cislo) values (60, 6);
insert into vypravca_kolaj (id_osoba, cislo) values (61, 3);
insert into vypravca_kolaj (id_osoba, cislo) values (62, 3);
insert into vypravca_kolaj (id_osoba, cislo) values (63, 3);
insert into vypravca_kolaj (id_osoba, cislo) values (64, 8);
insert into vypravca_kolaj (id_osoba, cislo) values (65, 1);
insert into vypravca_kolaj (id_osoba, cislo) values (62, 7);
insert into vypravca_kolaj (id_osoba, cislo) values (67, 8);
insert into vypravca_kolaj (id_osoba, cislo) values (68, 5);
insert into vypravca_kolaj (id_osoba, cislo) values (67, 6);


-- insert odosielatel
insert into odosielatel (id_odosielatel, meno) values (1, 'Cogibox');
insert into odosielatel (id_odosielatel, meno) values (2, 'Jayo');
insert into odosielatel (id_odosielatel, meno) values (3, 'Vinte');
insert into odosielatel (id_odosielatel, meno) values (4, 'Zoonoodle');
insert into odosielatel (id_odosielatel, meno) values (5, 'Skivee');
insert into odosielatel (id_odosielatel, meno) values (6, 'Meemm');
insert into odosielatel (id_odosielatel, meno) values (7, 'Flashdog');
insert into odosielatel (id_odosielatel, meno) values (8, 'Devshare');
insert into odosielatel (id_odosielatel, meno) values (9, 'Leexo');
insert into odosielatel (id_odosielatel, meno) values (10, 'Meevee');
insert into odosielatel (id_odosielatel, meno) values (11, 'DabZ');
insert into odosielatel (id_odosielatel, meno) values (12, 'Zoomcast');
insert into odosielatel (id_odosielatel, meno) values (13, 'Yacero');
insert into odosielatel (id_odosielatel, meno) values (14, 'Ooba');
insert into odosielatel (id_odosielatel, meno) values (15, 'Voomm');
insert into odosielatel (id_odosielatel, meno) values (16, 'Trilith');
insert into odosielatel (id_odosielatel, meno) values (17, 'Innojam');
insert into odosielatel (id_odosielatel, meno) values (18, 'Kwilith');
insert into odosielatel (id_odosielatel, meno) values (19, 'Skalith');
insert into odosielatel (id_odosielatel, meno) values (20, 'Rhynoodle');
insert into odosielatel (id_odosielatel, meno) values (21, 'Maersk');
insert into odosielatel (id_odosielatel, meno) values (22, 'DHL');
insert into odosielatel (id_odosielatel, meno) values (23, 'FedEx');


-- insert strojvodca
insert into strojvodca (id_osoba, zamestnavatel) values (1, 'RegioJet');
insert into strojvodca (id_osoba, zamestnavatel) values (2, 'DC');
insert into strojvodca (id_osoba, zamestnavatel) values (3, 'D');
insert into strojvodca (id_osoba, zamestnavatel) values (4, 'ZSSKC');
insert into strojvodca (id_osoba, zamestnavatel) values (5, 'LTT');
insert into strojvodca (id_osoba, zamestnavatel) values (6, 'DC');
insert into strojvodca (id_osoba, zamestnavatel) values (7, 'SR');
insert into strojvodca (id_osoba, zamestnavatel) values (8, 'SDC');
insert into strojvodca (id_osoba, zamestnavatel) values (9, 'SDC');
insert into strojvodca (id_osoba, zamestnavatel) values (10, 'SR');
insert into strojvodca (id_osoba, zamestnavatel) values (11, 'D');
insert into strojvodca (id_osoba, zamestnavatel) values (12, 'RegioJet');
insert into strojvodca (id_osoba, zamestnavatel) values (13, 'SDS');
insert into strojvodca (id_osoba, zamestnavatel) values (14, 'DC');
insert into strojvodca (id_osoba, zamestnavatel) values (15, 'SDC');
insert into strojvodca (id_osoba, zamestnavatel) values (16, 'DC');
insert into strojvodca (id_osoba, zamestnavatel) values (17, 'LTT');
insert into strojvodca (id_osoba, zamestnavatel) values (18, 'DC');
insert into strojvodca (id_osoba, zamestnavatel) values (19, 'ZSSKC');
insert into strojvodca (id_osoba, zamestnavatel) values (20, 'D');
insert into strojvodca (id_osoba, zamestnavatel) values (21, 'ZSSK');
insert into strojvodca (id_osoba, zamestnavatel) values (22, 'ZSSK');
insert into strojvodca (id_osoba, zamestnavatel) values (23, 'LTT');
insert into strojvodca (id_osoba, zamestnavatel) values (24, 'D');
insert into strojvodca (id_osoba, zamestnavatel) values (25, 'LeoExpress');
insert into strojvodca (id_osoba, zamestnavatel) values (26, 'D');
insert into strojvodca (id_osoba, zamestnavatel) values (27, 'LTT');
insert into strojvodca (id_osoba, zamestnavatel) values (28, 'D');
insert into strojvodca (id_osoba, zamestnavatel) values (29, 'SR');
insert into strojvodca (id_osoba, zamestnavatel) values (30, 'LeoExpress');
insert into strojvodca (id_osoba, zamestnavatel) values (31, 'LTT');
insert into strojvodca (id_osoba, zamestnavatel) values (32, 'D');
insert into strojvodca (id_osoba, zamestnavatel) values (33, 'ZSSK');
insert into strojvodca (id_osoba, zamestnavatel) values (34, 'ZSSK');
insert into strojvodca (id_osoba, zamestnavatel) values (35, 'ZSSK');
insert into strojvodca (id_osoba, zamestnavatel) values (36, 'D');
insert into strojvodca (id_osoba, zamestnavatel) values (37, 'ZSSK');
insert into strojvodca (id_osoba, zamestnavatel) values (38, 'ZSSKC');
insert into strojvodca (id_osoba, zamestnavatel) values (39, 'ZSSK');
insert into strojvodca (id_osoba, zamestnavatel) values (40, 'SDS');
insert into strojvodca (id_osoba, zamestnavatel) values (41, 'RegioJet');
insert into strojvodca (id_osoba, zamestnavatel) values (42, 'SDC');
insert into strojvodca (id_osoba, zamestnavatel) values (43, 'LeoExpress');
insert into strojvodca (id_osoba, zamestnavatel) values (44, 'ZSSKC');
insert into strojvodca (id_osoba, zamestnavatel) values (45, 'ZSSKC');
insert into strojvodca (id_osoba, zamestnavatel) values (46, 'ZSSK');
insert into strojvodca (id_osoba, zamestnavatel) values (47, 'ZSSKC');
insert into strojvodca (id_osoba, zamestnavatel) values (48, 'D');
insert into strojvodca (id_osoba, zamestnavatel) values (49, 'ZSSK');
insert into strojvodca (id_osoba, zamestnavatel) values (50, 'ZSSK');


-- insert vlak_jazda
insert into vlak_jazda (id_vlak_jazda, cislo, id_vlak, id_osoba, datum, cas_odjazdu, ciel, vzdialenost) values (1, 2, 92, 17, '2023-04-04', '13:54', 'Ostrava', 573);
insert into vlak_jazda (id_vlak_jazda, cislo, id_vlak, id_osoba, datum, cas_odjazdu, ciel, vzdialenost) values (2, 1, 59, 48, '2023-05-01', '23:47', 'ilina', 143);
insert into vlak_jazda (id_vlak_jazda, cislo, id_vlak, id_osoba, datum, cas_odjazdu, ciel, vzdialenost) values (3, 3, 53, 11, '2023-05-12', '4:40', 'Poprad', 262);
insert into vlak_jazda (id_vlak_jazda, cislo, id_vlak, id_osoba, datum, cas_odjazdu, ciel, vzdialenost) values (4, 4, 35, 5, '2023-05-06', '0:38', 'Plze', 743);
insert into vlak_jazda (id_vlak_jazda, cislo, id_vlak, id_osoba, datum, cas_odjazdu, ciel, vzdialenost) values (5, 1, 11, 41, '2023-03-05', '19:42', 'Plze', 264);
insert into vlak_jazda (id_vlak_jazda, cislo, id_vlak, id_osoba, datum, cas_odjazdu, ciel, vzdialenost) values (6, 6, 60, 39, '2023-01-10', '16:23', 'Liberec', 101);
insert into vlak_jazda (id_vlak_jazda, cislo, id_vlak, id_osoba, datum, cas_odjazdu, ciel, vzdialenost) values (7, 7, 11, 5, '2023-04-01', '14:38', 'Poprad', 594);
insert into vlak_jazda (id_vlak_jazda, cislo, id_vlak, id_osoba, datum, cas_odjazdu, ciel, vzdialenost) values (8, 6, 20, 24, '2023-02-08', '9:05', 'Martin', 533);
insert into vlak_jazda (id_vlak_jazda, cislo, id_vlak, id_osoba, datum, cas_odjazdu, ciel, vzdialenost) values (9, 6, 12, 32, '2023-02-14', '5:01', 'Liberec', 334);
insert into vlak_jazda (id_vlak_jazda, cislo, id_vlak, id_osoba, datum, cas_odjazdu, ciel, vzdialenost) values (10, 1, 68, 25, '2023-01-16', '23:19', 'Liberec', 800);
insert into vlak_jazda (id_vlak_jazda, cislo, id_vlak, id_osoba, datum, cas_odjazdu, ciel, vzdialenost) values (11, 7, 88, 20, '2023-05-26', '10:32', 'Poprad', 706);
insert into vlak_jazda (id_vlak_jazda, cislo, id_vlak, id_osoba, datum, cas_odjazdu, ciel, vzdialenost) values (12, 6, 83, 25, '2023-04-06', '13:45', 'Nitra', 416);
insert into vlak_jazda (id_vlak_jazda, cislo, id_vlak, id_osoba, datum, cas_odjazdu, ciel, vzdialenost) values (13, 7, 61, 8, '2023-04-20', '14:19', 'ilina', 411);
insert into vlak_jazda (id_vlak_jazda, cislo, id_vlak, id_osoba, datum, cas_odjazdu, ciel, vzdialenost) values (14, 4, 82, 10, '2023-04-06', '9:49', 'Liberec', 764);
insert into vlak_jazda (id_vlak_jazda, cislo, id_vlak, id_osoba, datum, cas_odjazdu, ciel, vzdialenost) values (15, 3, 11, 45, '2023-02-04', '16:21', 'Praha', 334);
insert into vlak_jazda (id_vlak_jazda, cislo, id_vlak, id_osoba, datum, cas_odjazdu, ciel, vzdialenost) values (16, 6, 16, 39, '2023-01-24', '3:42', 'Trnava', 768);
insert into vlak_jazda (id_vlak_jazda, cislo, id_vlak, id_osoba, datum, cas_odjazdu, ciel, vzdialenost) values (17, 2, 37, 38, '2023-02-04', '18:36', 'Bratislava', 342);
insert into vlak_jazda (id_vlak_jazda, cislo, id_vlak, id_osoba, datum, cas_odjazdu, ciel, vzdialenost) values (18, 1, 11, 25, '2023-04-08', '9:24', 'ilina', 285);
insert into vlak_jazda (id_vlak_jazda, cislo, id_vlak, id_osoba, datum, cas_odjazdu, ciel, vzdialenost) values (19, 4, 51, 27, '2023-01-02', '8:25', 'Bratislava', 566);
insert into vlak_jazda (id_vlak_jazda, cislo, id_vlak, id_osoba, datum, cas_odjazdu, ciel, vzdialenost) values (20, 3, 40, 26, '2023-03-27', '0:13', 'ilina', 134);
insert into vlak_jazda (id_vlak_jazda, cislo, id_vlak, id_osoba, datum, cas_odjazdu, ciel, vzdialenost) values (21, 6, 9, 8, '2023-03-24', '14:29', 'Preov', 351);
insert into vlak_jazda (id_vlak_jazda, cislo, id_vlak, id_osoba, datum, cas_odjazdu, ciel, vzdialenost) values (22, 1, 69, 4, '2023-03-15', '4:42', 'Koice', 214);
insert into vlak_jazda (id_vlak_jazda, cislo, id_vlak, id_osoba, datum, cas_odjazdu, ciel, vzdialenost) values (23, 1, 54, 4, '2023-03-08', '18:19', 'Nitra', 342);
insert into vlak_jazda (id_vlak_jazda, cislo, id_vlak, id_osoba, datum, cas_odjazdu, ciel, vzdialenost) values (24, 1, 94, 16, '2023-03-02', '4:02', 'Ostrava', 160);
insert into vlak_jazda (id_vlak_jazda, cislo, id_vlak, id_osoba, datum, cas_odjazdu, ciel, vzdialenost) values (25, 7, 61, 43, '2023-01-08', '0:58', 'Hradec Krlov', 591);
insert into vlak_jazda (id_vlak_jazda, cislo, id_vlak, id_osoba, datum, cas_odjazdu, ciel, vzdialenost) values (26, 2, 48, 46, '2023-01-31', '6:16', 'Bratislava', 117);
insert into vlak_jazda (id_vlak_jazda, cislo, id_vlak, id_osoba, datum, cas_odjazdu, ciel, vzdialenost) values (27, 1, 46, 16, '2023-03-10', '21:56', 'Brno', 741);
insert into vlak_jazda (id_vlak_jazda, cislo, id_vlak, id_osoba, datum, cas_odjazdu, ciel, vzdialenost) values (28, 8, 37, 4, '2023-04-17', '21:35', 'Trenn', 153);
insert into vlak_jazda (id_vlak_jazda, cislo, id_vlak, id_osoba, datum, cas_odjazdu, ciel, vzdialenost) values (29, 6, 95, 43, '2023-01-18', '9:57', 'Koice', 255);
insert into vlak_jazda (id_vlak_jazda, cislo, id_vlak, id_osoba, datum, cas_odjazdu, ciel, vzdialenost) values (30, 7, 82, 29, '2023-04-29', '18:41', 'Ostrava', 474);
insert into vlak_jazda (id_vlak_jazda, cislo, id_vlak, id_osoba, datum, cas_odjazdu, ciel, vzdialenost) values (31, 8, 28, 35, '2023-01-02', '8:59', 'Trenn', 254);
insert into vlak_jazda (id_vlak_jazda, cislo, id_vlak, id_osoba, datum, cas_odjazdu, ciel, vzdialenost) values (32, 7, 2, 20, '2023-04-11', '22:25', 'Brno', 375);
insert into vlak_jazda (id_vlak_jazda, cislo, id_vlak, id_osoba, datum, cas_odjazdu, ciel, vzdialenost) values (33, 8, 73, 35, '2023-03-06', '7:24', 'Poprad', 412);
insert into vlak_jazda (id_vlak_jazda, cislo, id_vlak, id_osoba, datum, cas_odjazdu, ciel, vzdialenost) values (34, 5, 91, 17, '2023-03-31', '11:32', 'Bratislava', 748);
insert into vlak_jazda (id_vlak_jazda, cislo, id_vlak, id_osoba, datum, cas_odjazdu, ciel, vzdialenost) values (35, 6, 26, 43, '2023-01-04', '4:38', 'ilina', 533);
insert into vlak_jazda (id_vlak_jazda, cislo, id_vlak, id_osoba, datum, cas_odjazdu, ciel, vzdialenost) values (36, 6, 27, 46, '2023-02-04', '15:59', 'Martin', 150);
insert into vlak_jazda (id_vlak_jazda, cislo, id_vlak, id_osoba, datum, cas_odjazdu, ciel, vzdialenost) values (37, 5, 31, 7, '2023-05-23', '23:16', 'Olomouc', 670);
insert into vlak_jazda (id_vlak_jazda, cislo, id_vlak, id_osoba, datum, cas_odjazdu, ciel, vzdialenost) values (38, 6, 16, 8, '2023-02-20', '11:53', 'Brno', 680);
insert into vlak_jazda (id_vlak_jazda, cislo, id_vlak, id_osoba, datum, cas_odjazdu, ciel, vzdialenost) values (39, 1, 22, 49, '2023-03-24', '10:18', 'Hradec Krlov', 712);
insert into vlak_jazda (id_vlak_jazda, cislo, id_vlak, id_osoba, datum, cas_odjazdu, ciel, vzdialenost) values (40, 6, 18, 38, '2023-05-05', '6:24', 'Hradec Krlov', 427);
insert into vlak_jazda (id_vlak_jazda, cislo, id_vlak, id_osoba, datum, cas_odjazdu, ciel, vzdialenost) values (41, 6, 64, 19, '2023-05-26', '1:26', 'Preov', 748);
insert into vlak_jazda (id_vlak_jazda, cislo, id_vlak, id_osoba, datum, cas_odjazdu, ciel, vzdialenost) values (42, 8, 29, 20, '2023-01-26', '11:26', 'Nitra', 542);
insert into vlak_jazda (id_vlak_jazda, cislo, id_vlak, id_osoba, datum, cas_odjazdu, ciel, vzdialenost) values (43, 4, 71, 32, '2023-03-12', '17:59', 'Zln', 557);
insert into vlak_jazda (id_vlak_jazda, cislo, id_vlak, id_osoba, datum, cas_odjazdu, ciel, vzdialenost) values (44, 1, 82, 34, '2023-02-21', '9:02', 'Hradec Krlov', 317);
insert into vlak_jazda (id_vlak_jazda, cislo, id_vlak, id_osoba, datum, cas_odjazdu, ciel, vzdialenost) values (45, 7, 10, 41, '2023-05-10', '18:51', 'Koice', 716);
insert into vlak_jazda (id_vlak_jazda, cislo, id_vlak, id_osoba, datum, cas_odjazdu, ciel, vzdialenost) values (46, 1, 63, 49, '2023-01-27', '16:26', 'Bratislava', 508);
insert into vlak_jazda (id_vlak_jazda, cislo, id_vlak, id_osoba, datum, cas_odjazdu, ciel, vzdialenost) values (47, 3, 97, 36, '2023-02-07', '15:46', 'Bansk Bystrica', 536);
insert into vlak_jazda (id_vlak_jazda, cislo, id_vlak, id_osoba, datum, cas_odjazdu, ciel, vzdialenost) values (48, 6, 100, 40, '2023-02-04', '3:02', 'Brno', 104);
insert into vlak_jazda (id_vlak_jazda, cislo, id_vlak, id_osoba, datum, cas_odjazdu, ciel, vzdialenost) values (49, 2, 47, 20, '2023-01-12', '4:25', 'Plze', 432);
insert into vlak_jazda (id_vlak_jazda, cislo, id_vlak, id_osoba, datum, cas_odjazdu, ciel, vzdialenost) values (50, 4, 97, 47, '2023-02-16', '17:44', 'Liberec', 388);
insert into vlak_jazda (id_vlak_jazda, cislo, id_vlak, id_osoba, datum, cas_odjazdu, ciel, vzdialenost) values (51, 5, 53, 33, '2023-01-01', '2:36', 'Pardubice', 393);
insert into vlak_jazda (id_vlak_jazda, cislo, id_vlak, id_osoba, datum, cas_odjazdu, ciel, vzdialenost) values (52, 2, 57, 9, '2023-05-30', '22:07', 'esk Budejovice', 211);
insert into vlak_jazda (id_vlak_jazda, cislo, id_vlak, id_osoba, datum, cas_odjazdu, ciel, vzdialenost) values (53, 8, 4, 47, '2023-05-17', '1:06', 'Trnava', 502);
insert into vlak_jazda (id_vlak_jazda, cislo, id_vlak, id_osoba, datum, cas_odjazdu, ciel, vzdialenost) values (54, 1, 48, 44, '2023-03-13', '16:07', 'Nitra', 674);
insert into vlak_jazda (id_vlak_jazda, cislo, id_vlak, id_osoba, datum, cas_odjazdu, ciel, vzdialenost) values (55, 5, 8, 38, '2023-02-03', '17:53', 'Poprad', 482);
insert into vlak_jazda (id_vlak_jazda, cislo, id_vlak, id_osoba, datum, cas_odjazdu, ciel, vzdialenost) values (56, 8, 17, 1, '2023-01-17', '2:56', 'Liberec', 273);
insert into vlak_jazda (id_vlak_jazda, cislo, id_vlak, id_osoba, datum, cas_odjazdu, ciel, vzdialenost) values (57, 6, 87, 8, '2023-01-19', '10:47', 'esk Budejovice', 280);
insert into vlak_jazda (id_vlak_jazda, cislo, id_vlak, id_osoba, datum, cas_odjazdu, ciel, vzdialenost) values (58, 3, 39, 43, '2023-03-30', '21:21', 'Praha', 468);
insert into vlak_jazda (id_vlak_jazda, cislo, id_vlak, id_osoba, datum, cas_odjazdu, ciel, vzdialenost) values (59, 7, 72, 5, '2023-05-08', '4:27', 'Zln', 694);
insert into vlak_jazda (id_vlak_jazda, cislo, id_vlak, id_osoba, datum, cas_odjazdu, ciel, vzdialenost) values (60, 8, 3, 33, '2023-02-10', '3:40', 'Plze', 766);
insert into vlak_jazda (id_vlak_jazda, cislo, id_vlak, id_osoba, datum, cas_odjazdu, ciel, vzdialenost) values (61, 8, 92, 36, '2023-02-25', '14:50', 'Preov', 374);
insert into vlak_jazda (id_vlak_jazda, cislo, id_vlak, id_osoba, datum, cas_odjazdu, ciel, vzdialenost) values (62, 3, 72, 6, '2023-05-19', '2:18', 'Praha', 574);
insert into vlak_jazda (id_vlak_jazda, cislo, id_vlak, id_osoba, datum, cas_odjazdu, ciel, vzdialenost) values (63, 8, 14, 27, '2023-05-08', '16:58', 'ilina', 489);
insert into vlak_jazda (id_vlak_jazda, cislo, id_vlak, id_osoba, datum, cas_odjazdu, ciel, vzdialenost) values (64, 2, 95, 23, '2023-01-06', '22:22', 'Praha', 615);
insert into vlak_jazda (id_vlak_jazda, cislo, id_vlak, id_osoba, datum, cas_odjazdu, ciel, vzdialenost) values (65, 8, 2, 6, '2023-03-11', '12:25', 'Trnava', 458);
insert into vlak_jazda (id_vlak_jazda, cislo, id_vlak, id_osoba, datum, cas_odjazdu, ciel, vzdialenost) values (66, 2, 95, 11, '2023-03-17', '20:46', 'ilina', 198);
insert into vlak_jazda (id_vlak_jazda, cislo, id_vlak, id_osoba, datum, cas_odjazdu, ciel, vzdialenost) values (67, 3, 96, 25, '2023-04-03', '17:44', 'Zln', 525);
insert into vlak_jazda (id_vlak_jazda, cislo, id_vlak, id_osoba, datum, cas_odjazdu, ciel, vzdialenost) values (68, 7, 9, 43, '2023-04-24', '17:33', 'Brno', 480);
insert into vlak_jazda (id_vlak_jazda, cislo, id_vlak, id_osoba, datum, cas_odjazdu, ciel, vzdialenost) values (69, 1, 13, 4, '2023-05-03', '19:34', 'Martin', 516);
insert into vlak_jazda (id_vlak_jazda, cislo, id_vlak, id_osoba, datum, cas_odjazdu, ciel, vzdialenost) values (70, 5, 100, 13, '2023-01-08', '23:55', 'Poprad', 479);
insert into vlak_jazda (id_vlak_jazda, cislo, id_vlak, id_osoba, datum, cas_odjazdu, ciel, vzdialenost) values (71, 4, 98, 40, '2023-01-12', '2:24', 'Nitra', 224);
insert into vlak_jazda (id_vlak_jazda, cislo, id_vlak, id_osoba, datum, cas_odjazdu, ciel, vzdialenost) values (72, 5, 53, 34, '2023-05-10', '15:15', 'Pardubice', 535);
insert into vlak_jazda (id_vlak_jazda, cislo, id_vlak, id_osoba, datum, cas_odjazdu, ciel, vzdialenost) values (73, 6, 32, 36, '2023-04-30', '6:31', 'Koice', 186);
insert into vlak_jazda (id_vlak_jazda, cislo, id_vlak, id_osoba, datum, cas_odjazdu, ciel, vzdialenost) values (74, 8, 35, 32, '2023-03-12', '6:22', 'Zln', 124);
insert into vlak_jazda (id_vlak_jazda, cislo, id_vlak, id_osoba, datum, cas_odjazdu, ciel, vzdialenost) values (75, 1, 16, 6, '2023-02-05', '6:51', 'Hradec Krlov', 272);
insert into vlak_jazda (id_vlak_jazda, cislo, id_vlak, id_osoba, datum, cas_odjazdu, ciel, vzdialenost) values (76, 6, 99, 45, '2023-01-07', '3:24', 'Trnava', 266);
insert into vlak_jazda (id_vlak_jazda, cislo, id_vlak, id_osoba, datum, cas_odjazdu, ciel, vzdialenost) values (77, 2, 18, 33, '2023-02-28', '16:30', 'Martin', 780);
insert into vlak_jazda (id_vlak_jazda, cislo, id_vlak, id_osoba, datum, cas_odjazdu, ciel, vzdialenost) values (78, 1, 32, 33, '2023-02-06', '23:39', 'Trenn', 168);
insert into vlak_jazda (id_vlak_jazda, cislo, id_vlak, id_osoba, datum, cas_odjazdu, ciel, vzdialenost) values (79, 6, 19, 48, '2023-03-16', '8:50', 'Plze', 795);
insert into vlak_jazda (id_vlak_jazda, cislo, id_vlak, id_osoba, datum, cas_odjazdu, ciel, vzdialenost) values (80, 2, 8, 43, '2023-05-02', '12:01', 'Trnava', 714);
insert into vlak_jazda (id_vlak_jazda, cislo, id_vlak, id_osoba, datum, cas_odjazdu, ciel, vzdialenost) values (81, 7, 88, 7, '2023-03-01', '20:03', 'Ostrava', 570);
insert into vlak_jazda (id_vlak_jazda, cislo, id_vlak, id_osoba, datum, cas_odjazdu, ciel, vzdialenost) values (82, 8, 88, 31, '2023-02-18', '6:21', 'Martin', 641);
insert into vlak_jazda (id_vlak_jazda, cislo, id_vlak, id_osoba, datum, cas_odjazdu, ciel, vzdialenost) values (83, 1, 48, 48, '2023-01-04', '4:44', 'Olomouc', 799);
insert into vlak_jazda (id_vlak_jazda, cislo, id_vlak, id_osoba, datum, cas_odjazdu, ciel, vzdialenost) values (84, 8, 72, 29, '2023-01-09', '4:10', 'Olomouc', 206);
insert into vlak_jazda (id_vlak_jazda, cislo, id_vlak, id_osoba, datum, cas_odjazdu, ciel, vzdialenost) values (85, 5, 32, 3, '2023-02-10', '5:50', 'Bratislava', 126);
insert into vlak_jazda (id_vlak_jazda, cislo, id_vlak, id_osoba, datum, cas_odjazdu, ciel, vzdialenost) values (86, 7, 25, 40, '2023-03-14', '2:20', 'Bratislava', 244);
insert into vlak_jazda (id_vlak_jazda, cislo, id_vlak, id_osoba, datum, cas_odjazdu, ciel, vzdialenost) values (87, 4, 55, 36, '2023-05-12', '21:04', 'Poprad', 665);
insert into vlak_jazda (id_vlak_jazda, cislo, id_vlak, id_osoba, datum, cas_odjazdu, ciel, vzdialenost) values (88, 1, 25, 3, '2023-01-22', '7:01', 'Trenn', 773);
insert into vlak_jazda (id_vlak_jazda, cislo, id_vlak, id_osoba, datum, cas_odjazdu, ciel, vzdialenost) values (89, 7, 6, 13, '2023-03-15', '21:39', 'Liberec', 395);
insert into vlak_jazda (id_vlak_jazda, cislo, id_vlak, id_osoba, datum, cas_odjazdu, ciel, vzdialenost) values (90, 8, 98, 46, '2023-04-28', '22:18', 'Brno', 320);
insert into vlak_jazda (id_vlak_jazda, cislo, id_vlak, id_osoba, datum, cas_odjazdu, ciel, vzdialenost) values (91, 6, 82, 26, '2023-05-17', '8:17', 'Brno', 781);
insert into vlak_jazda (id_vlak_jazda, cislo, id_vlak, id_osoba, datum, cas_odjazdu, ciel, vzdialenost) values (92, 7, 71, 12, '2023-03-29', '18:50', 'Hradec Krlov', 199);
insert into vlak_jazda (id_vlak_jazda, cislo, id_vlak, id_osoba, datum, cas_odjazdu, ciel, vzdialenost) values (93, 8, 26, 35, '2023-05-08', '16:14', 'Hradec Krlov', 230);
insert into vlak_jazda (id_vlak_jazda, cislo, id_vlak, id_osoba, datum, cas_odjazdu, ciel, vzdialenost) values (94, 7, 31, 12, '2023-05-03', '18:07', 'ilina', 425);
insert into vlak_jazda (id_vlak_jazda, cislo, id_vlak, id_osoba, datum, cas_odjazdu, ciel, vzdialenost) values (95, 3, 99, 37, '2023-05-06', '21:46', 'ilina', 755);
insert into vlak_jazda (id_vlak_jazda, cislo, id_vlak, id_osoba, datum, cas_odjazdu, ciel, vzdialenost) values (96, 5, 41, 41, '2023-02-09', '21:28', 'Koice', 730);
insert into vlak_jazda (id_vlak_jazda, cislo, id_vlak, id_osoba, datum, cas_odjazdu, ciel, vzdialenost) values (97, 3, 16, 13, '2023-01-24', '16:21', 'Pardubice', 553);
insert into vlak_jazda (id_vlak_jazda, cislo, id_vlak, id_osoba, datum, cas_odjazdu, ciel, vzdialenost) values (98, 4, 69, 7, '2023-04-08', '9:43', 'Bratislava', 655);
insert into vlak_jazda (id_vlak_jazda, cislo, id_vlak, id_osoba, datum, cas_odjazdu, ciel, vzdialenost) values (99, 2, 19, 30, '2023-01-29', '3:28', 'Liberec', 523);
insert into vlak_jazda (id_vlak_jazda, cislo, id_vlak, id_osoba, datum, cas_odjazdu, ciel, vzdialenost) values (100, 5, 96, 49, '2023-03-20', '11:46', 'Bansk Bystrica', 739);
insert into vlak_jazda (id_vlak_jazda, cislo, id_vlak, id_osoba, datum, cas_odjazdu, ciel, vzdialenost) values (101, 2, 89, 34, '2023-01-19', '20:54', 'Nitra', 164);
insert into vlak_jazda (id_vlak_jazda, cislo, id_vlak, id_osoba, datum, cas_odjazdu, ciel, vzdialenost) values (102, 2, 68, 28, '2023-03-15', '16:25', 'Pardubice', 628);
insert into vlak_jazda (id_vlak_jazda, cislo, id_vlak, id_osoba, datum, cas_odjazdu, ciel, vzdialenost) values (103, 1, 24, 49, '2023-01-04', '14:52', 'Nitra', 269);
insert into vlak_jazda (id_vlak_jazda, cislo, id_vlak, id_osoba, datum, cas_odjazdu, ciel, vzdialenost) values (104, 8, 40, 23, '2023-02-09', '22:22', 'Zln', 796);
insert into vlak_jazda (id_vlak_jazda, cislo, id_vlak, id_osoba, datum, cas_odjazdu, ciel, vzdialenost) values (105, 1, 60, 11, '2023-04-08', '8:22', 'Bratislava', 611);
insert into vlak_jazda (id_vlak_jazda, cislo, id_vlak, id_osoba, datum, cas_odjazdu, ciel, vzdialenost) values (106, 8, 79, 26, '2023-03-20', '22:04', 'Trenn', 551);
insert into vlak_jazda (id_vlak_jazda, cislo, id_vlak, id_osoba, datum, cas_odjazdu, ciel, vzdialenost) values (107, 6, 90, 22, '2023-02-09', '15:58', 'Liberec', 227);
insert into vlak_jazda (id_vlak_jazda, cislo, id_vlak, id_osoba, datum, cas_odjazdu, ciel, vzdialenost) values (108, 3, 34, 5, '2023-04-26', '16:13', 'Praha', 622);
insert into vlak_jazda (id_vlak_jazda, cislo, id_vlak, id_osoba, datum, cas_odjazdu, ciel, vzdialenost) values (109, 3, 34, 29, '2023-04-27', '16:43', 'Ostrava', 104);
insert into vlak_jazda (id_vlak_jazda, cislo, id_vlak, id_osoba, datum, cas_odjazdu, ciel, vzdialenost) values (110, 2, 31, 44, '2023-02-24', '6:18', 'Praha', 624);
insert into vlak_jazda (id_vlak_jazda, cislo, id_vlak, id_osoba, datum, cas_odjazdu, ciel, vzdialenost) values (111, 4, 8, 22, '2023-02-06', '2:07', 'Trenn', 150);
insert into vlak_jazda (id_vlak_jazda, cislo, id_vlak, id_osoba, datum, cas_odjazdu, ciel, vzdialenost) values (112, 1, 79, 5, '2023-03-08', '10:31', 'Nitra', 134);
insert into vlak_jazda (id_vlak_jazda, cislo, id_vlak, id_osoba, datum, cas_odjazdu, ciel, vzdialenost) values (113, 2, 86, 35, '2023-03-08', '7:11', 'Koice', 707);
insert into vlak_jazda (id_vlak_jazda, cislo, id_vlak, id_osoba, datum, cas_odjazdu, ciel, vzdialenost) values (114, 5, 81, 49, '2023-03-09', '17:22', 'Martin', 584);
insert into vlak_jazda (id_vlak_jazda, cislo, id_vlak, id_osoba, datum, cas_odjazdu, ciel, vzdialenost) values (115, 3, 83, 30, '2023-03-12', '5:34', 'Nitra', 320);
insert into vlak_jazda (id_vlak_jazda, cislo, id_vlak, id_osoba, datum, cas_odjazdu, ciel, vzdialenost) values (116, 4, 10, 36, '2023-04-16', '20:26', 'Ostrava', 405);
insert into vlak_jazda (id_vlak_jazda, cislo, id_vlak, id_osoba, datum, cas_odjazdu, ciel, vzdialenost) values (117, 6, 23, 17, '2023-05-24', '0:19', 'esk Budejovice', 704);
insert into vlak_jazda (id_vlak_jazda, cislo, id_vlak, id_osoba, datum, cas_odjazdu, ciel, vzdialenost) values (118, 2, 65, 7, '2023-05-06', '7:29', 'Praha', 345);
insert into vlak_jazda (id_vlak_jazda, cislo, id_vlak, id_osoba, datum, cas_odjazdu, ciel, vzdialenost) values (119, 8, 31, 33, '2023-01-01', '0:24', 'Preov', 642);
insert into vlak_jazda (id_vlak_jazda, cislo, id_vlak, id_osoba, datum, cas_odjazdu, ciel, vzdialenost) values (120, 3, 20, 14, '2023-04-24', '0:56', 'Preov', 368);
insert into vlak_jazda (id_vlak_jazda, cislo, id_vlak, id_osoba, datum, cas_odjazdu, ciel, vzdialenost) values (121, 1, 93, 47, '2023-01-19', '12:51', 'Brno', 156);
insert into vlak_jazda (id_vlak_jazda, cislo, id_vlak, id_osoba, datum, cas_odjazdu, ciel, vzdialenost) values (122, 8, 40, 49, '2023-01-21', '22:31', 'Hradec Krlov', 482);
insert into vlak_jazda (id_vlak_jazda, cislo, id_vlak, id_osoba, datum, cas_odjazdu, ciel, vzdialenost) values (123, 8, 28, 12, '2023-01-09', '8:24', 'Koice', 397);
insert into vlak_jazda (id_vlak_jazda, cislo, id_vlak, id_osoba, datum, cas_odjazdu, ciel, vzdialenost) values (124, 1, 59, 23, '2023-02-28', '1:41', 'Preov', 561);
insert into vlak_jazda (id_vlak_jazda, cislo, id_vlak, id_osoba, datum, cas_odjazdu, ciel, vzdialenost) values (125, 7, 21, 13, '2023-03-25', '17:35', 'Nitra', 798);
insert into vlak_jazda (id_vlak_jazda, cislo, id_vlak, id_osoba, datum, cas_odjazdu, ciel, vzdialenost) values (126, 4, 83, 10, '2023-03-30', '1:08', 'Martin', 699);
insert into vlak_jazda (id_vlak_jazda, cislo, id_vlak, id_osoba, datum, cas_odjazdu, ciel, vzdialenost) values (127, 4, 27, 38, '2023-02-14', '8:38', 'Brno', 753);
insert into vlak_jazda (id_vlak_jazda, cislo, id_vlak, id_osoba, datum, cas_odjazdu, ciel, vzdialenost) values (128, 2, 57, 7, '2023-01-18', '5:30', 'Olomouc', 114);
insert into vlak_jazda (id_vlak_jazda, cislo, id_vlak, id_osoba, datum, cas_odjazdu, ciel, vzdialenost) values (129, 8, 34, 36, '2023-02-22', '17:09', 'Olomouc', 536);
insert into vlak_jazda (id_vlak_jazda, cislo, id_vlak, id_osoba, datum, cas_odjazdu, ciel, vzdialenost) values (130, 8, 28, 31, '2023-01-12', '18:08', 'Trenn', 293);
insert into vlak_jazda (id_vlak_jazda, cislo, id_vlak, id_osoba, datum, cas_odjazdu, ciel, vzdialenost) values (131, 7, 96, 10, '2023-04-02', '9:07', 'Ostrava', 544);
insert into vlak_jazda (id_vlak_jazda, cislo, id_vlak, id_osoba, datum, cas_odjazdu, ciel, vzdialenost) values (132, 1, 44, 26, '2023-01-24', '15:24', 'Pardubice', 409);
insert into vlak_jazda (id_vlak_jazda, cislo, id_vlak, id_osoba, datum, cas_odjazdu, ciel, vzdialenost) values (133, 6, 1, 4, '2023-05-10', '20:44', 'Poprad', 292);
insert into vlak_jazda (id_vlak_jazda, cislo, id_vlak, id_osoba, datum, cas_odjazdu, ciel, vzdialenost) values (134, 6, 45, 30, '2023-02-10', '22:30', 'Ostrava', 643);
insert into vlak_jazda (id_vlak_jazda, cislo, id_vlak, id_osoba, datum, cas_odjazdu, ciel, vzdialenost) values (135, 4, 97, 47, '2023-03-04', '0:02', 'Trnava', 553);
insert into vlak_jazda (id_vlak_jazda, cislo, id_vlak, id_osoba, datum, cas_odjazdu, ciel, vzdialenost) values (136, 1, 21, 38, '2023-05-17', '22:19', 'Pardubice', 300);
insert into vlak_jazda (id_vlak_jazda, cislo, id_vlak, id_osoba, datum, cas_odjazdu, ciel, vzdialenost) values (137, 7, 18, 7, '2023-02-01', '17:58', 'Ostrava', 764);
insert into vlak_jazda (id_vlak_jazda, cislo, id_vlak, id_osoba, datum, cas_odjazdu, ciel, vzdialenost) values (138, 3, 83, 18, '2023-01-23', '8:31', 'esk Budejovice', 546);
insert into vlak_jazda (id_vlak_jazda, cislo, id_vlak, id_osoba, datum, cas_odjazdu, ciel, vzdialenost) values (139, 7, 44, 31, '2023-04-13', '10:28', 'ilina', 143);
insert into vlak_jazda (id_vlak_jazda, cislo, id_vlak, id_osoba, datum, cas_odjazdu, ciel, vzdialenost) values (140, 3, 72, 46, '2023-03-16', '17:14', 'Bratislava', 451);
insert into vlak_jazda (id_vlak_jazda, cislo, id_vlak, id_osoba, datum, cas_odjazdu, ciel, vzdialenost) values (141, 2, 55, 46, '2023-05-11', '10:35', 'Olomouc', 305);
insert into vlak_jazda (id_vlak_jazda, cislo, id_vlak, id_osoba, datum, cas_odjazdu, ciel, vzdialenost) values (142, 8, 9, 23, '2023-03-18', '15:34', 'Praha', 596);
insert into vlak_jazda (id_vlak_jazda, cislo, id_vlak, id_osoba, datum, cas_odjazdu, ciel, vzdialenost) values (143, 6, 47, 19, '2023-01-07', '18:30', 'Bansk Bystrica', 533);
insert into vlak_jazda (id_vlak_jazda, cislo, id_vlak, id_osoba, datum, cas_odjazdu, ciel, vzdialenost) values (144, 4, 19, 3, '2023-05-12', '12:43', 'esk Budejovice', 398);
insert into vlak_jazda (id_vlak_jazda, cislo, id_vlak, id_osoba, datum, cas_odjazdu, ciel, vzdialenost) values (145, 1, 100, 7, '2023-04-26', '18:02', 'Nitra', 467);
insert into vlak_jazda (id_vlak_jazda, cislo, id_vlak, id_osoba, datum, cas_odjazdu, ciel, vzdialenost) values (146, 8, 40, 16, '2023-03-25', '1:26', 'Bratislava', 626);
insert into vlak_jazda (id_vlak_jazda, cislo, id_vlak, id_osoba, datum, cas_odjazdu, ciel, vzdialenost) values (147, 3, 32, 42, '2023-05-25', '1:14', 'Poprad', 191);
insert into vlak_jazda (id_vlak_jazda, cislo, id_vlak, id_osoba, datum, cas_odjazdu, ciel, vzdialenost) values (148, 2, 62, 26, '2023-05-11', '21:59', 'Hradec Krlov', 739);
insert into vlak_jazda (id_vlak_jazda, cislo, id_vlak, id_osoba, datum, cas_odjazdu, ciel, vzdialenost) values (149, 4, 92, 34, '2023-02-23', '4:31', 'Liberec', 786);
insert into vlak_jazda (id_vlak_jazda, cislo, id_vlak, id_osoba, datum, cas_odjazdu, ciel, vzdialenost) values (150, 5, 32, 45, '2023-04-04', '0:01', 'Praha', 795);
insert into vlak_jazda (id_vlak_jazda, cislo, id_vlak, id_osoba, datum, cas_odjazdu, ciel, vzdialenost) values (151, 5, 81, 7, '2023-04-16', '19:28', 'Preov', 216);
insert into vlak_jazda (id_vlak_jazda, cislo, id_vlak, id_osoba, datum, cas_odjazdu, ciel, vzdialenost) values (152, 2, 45, 11, '2023-02-02', '17:30', 'Zln', 448);
insert into vlak_jazda (id_vlak_jazda, cislo, id_vlak, id_osoba, datum, cas_odjazdu, ciel, vzdialenost) values (153, 3, 8, 4, '2023-04-11', '22:44', 'Preov', 350);
insert into vlak_jazda (id_vlak_jazda, cislo, id_vlak, id_osoba, datum, cas_odjazdu, ciel, vzdialenost) values (154, 2, 78, 11, '2023-03-26', '23:23', 'Nitra', 552);
insert into vlak_jazda (id_vlak_jazda, cislo, id_vlak, id_osoba, datum, cas_odjazdu, ciel, vzdialenost) values (155, 8, 45, 17, '2023-05-18', '12:47', 'Koice', 575);
insert into vlak_jazda (id_vlak_jazda, cislo, id_vlak, id_osoba, datum, cas_odjazdu, ciel, vzdialenost) values (156, 3, 25, 41, '2023-02-09', '10:34', 'Preov', 649);
insert into vlak_jazda (id_vlak_jazda, cislo, id_vlak, id_osoba, datum, cas_odjazdu, ciel, vzdialenost) values (157, 7, 46, 14, '2023-05-18', '14:01', 'Liberec', 333);
insert into vlak_jazda (id_vlak_jazda, cislo, id_vlak, id_osoba, datum, cas_odjazdu, ciel, vzdialenost) values (158, 2, 59, 6, '2023-05-02', '20:04', 'ilina', 264);
insert into vlak_jazda (id_vlak_jazda, cislo, id_vlak, id_osoba, datum, cas_odjazdu, ciel, vzdialenost) values (159, 1, 98, 44, '2023-05-21', '20:18', 'esk Budejovice', 265);
insert into vlak_jazda (id_vlak_jazda, cislo, id_vlak, id_osoba, datum, cas_odjazdu, ciel, vzdialenost) values (160, 2, 81, 9, '2023-05-01', '5:15', 'Zln', 640);
insert into vlak_jazda (id_vlak_jazda, cislo, id_vlak, id_osoba, datum, cas_odjazdu, ciel, vzdialenost) values (161, 5, 10, 24, '2023-02-27', '13:46', 'Zln', 320);
insert into vlak_jazda (id_vlak_jazda, cislo, id_vlak, id_osoba, datum, cas_odjazdu, ciel, vzdialenost) values (162, 7, 25, 38, '2023-01-21', '3:45', 'Martin', 372);
insert into vlak_jazda (id_vlak_jazda, cislo, id_vlak, id_osoba, datum, cas_odjazdu, ciel, vzdialenost) values (163, 3, 92, 44, '2023-05-26', '4:59', 'ilina', 789);
insert into vlak_jazda (id_vlak_jazda, cislo, id_vlak, id_osoba, datum, cas_odjazdu, ciel, vzdialenost) values (164, 4, 36, 41, '2023-03-13', '8:29', 'Preov', 692);
insert into vlak_jazda (id_vlak_jazda, cislo, id_vlak, id_osoba, datum, cas_odjazdu, ciel, vzdialenost) values (165, 6, 46, 40, '2023-01-21', '19:36', 'Bratislava', 157);
insert into vlak_jazda (id_vlak_jazda, cislo, id_vlak, id_osoba, datum, cas_odjazdu, ciel, vzdialenost) values (166, 5, 7, 35, '2023-04-20', '23:15', 'Bansk Bystrica', 602);
insert into vlak_jazda (id_vlak_jazda, cislo, id_vlak, id_osoba, datum, cas_odjazdu, ciel, vzdialenost) values (167, 1, 59, 38, '2023-01-15', '8:06', 'Zln', 195);
insert into vlak_jazda (id_vlak_jazda, cislo, id_vlak, id_osoba, datum, cas_odjazdu, ciel, vzdialenost) values (168, 7, 63, 15, '2023-01-21', '13:29', 'Brno', 438);
insert into vlak_jazda (id_vlak_jazda, cislo, id_vlak, id_osoba, datum, cas_odjazdu, ciel, vzdialenost) values (169, 7, 24, 33, '2023-03-22', '6:18', 'ilina', 700);
insert into vlak_jazda (id_vlak_jazda, cislo, id_vlak, id_osoba, datum, cas_odjazdu, ciel, vzdialenost) values (170, 4, 57, 12, '2023-05-22', '9:38', 'Martin', 319);
insert into vlak_jazda (id_vlak_jazda, cislo, id_vlak, id_osoba, datum, cas_odjazdu, ciel, vzdialenost) values (171, 6, 87, 1, '2023-02-24', '10:59', 'Bratislava', 151);
insert into vlak_jazda (id_vlak_jazda, cislo, id_vlak, id_osoba, datum, cas_odjazdu, ciel, vzdialenost) values (172, 8, 32, 7, '2023-01-28', '21:30', 'Trenn', 771);
insert into vlak_jazda (id_vlak_jazda, cislo, id_vlak, id_osoba, datum, cas_odjazdu, ciel, vzdialenost) values (173, 8, 79, 39, '2023-01-09', '11:07', 'Trenn', 242);
insert into vlak_jazda (id_vlak_jazda, cislo, id_vlak, id_osoba, datum, cas_odjazdu, ciel, vzdialenost) values (174, 5, 92, 38, '2023-02-24', '1:27', 'Hradec Krlov', 485);
insert into vlak_jazda (id_vlak_jazda, cislo, id_vlak, id_osoba, datum, cas_odjazdu, ciel, vzdialenost) values (175, 8, 49, 22, '2023-03-07', '10:00', 'Trnava', 461);
insert into vlak_jazda (id_vlak_jazda, cislo, id_vlak, id_osoba, datum, cas_odjazdu, ciel, vzdialenost) values (176, 7, 60, 30, '2023-02-17', '7:56', 'Bansk Bystrica', 457);
insert into vlak_jazda (id_vlak_jazda, cislo, id_vlak, id_osoba, datum, cas_odjazdu, ciel, vzdialenost) values (177, 5, 23, 30, '2023-03-05', '13:50', 'Nitra', 480);
insert into vlak_jazda (id_vlak_jazda, cislo, id_vlak, id_osoba, datum, cas_odjazdu, ciel, vzdialenost) values (178, 2, 50, 29, '2023-04-23', '3:04', 'Praha', 328);
insert into vlak_jazda (id_vlak_jazda, cislo, id_vlak, id_osoba, datum, cas_odjazdu, ciel, vzdialenost) values (179, 1, 100, 2, '2023-01-15', '11:07', 'Preov', 166);
insert into vlak_jazda (id_vlak_jazda, cislo, id_vlak, id_osoba, datum, cas_odjazdu, ciel, vzdialenost) values (180, 3, 37, 29, '2023-02-17', '10:32', 'Olomouc', 659);
insert into vlak_jazda (id_vlak_jazda, cislo, id_vlak, id_osoba, datum, cas_odjazdu, ciel, vzdialenost) values (181, 3, 99, 36, '2023-02-28', '20:17', 'Olomouc', 632);
insert into vlak_jazda (id_vlak_jazda, cislo, id_vlak, id_osoba, datum, cas_odjazdu, ciel, vzdialenost) values (182, 3, 12, 19, '2023-02-04', '7:04', 'Olomouc', 366);
insert into vlak_jazda (id_vlak_jazda, cislo, id_vlak, id_osoba, datum, cas_odjazdu, ciel, vzdialenost) values (183, 6, 25, 14, '2023-02-21', '9:06', 'Poprad', 775);
insert into vlak_jazda (id_vlak_jazda, cislo, id_vlak, id_osoba, datum, cas_odjazdu, ciel, vzdialenost) values (184, 2, 3, 14, '2023-04-12', '18:53', 'Koice', 488);
insert into vlak_jazda (id_vlak_jazda, cislo, id_vlak, id_osoba, datum, cas_odjazdu, ciel, vzdialenost) values (185, 5, 50, 29, '2023-04-22', '21:45', 'Zln', 334);
insert into vlak_jazda (id_vlak_jazda, cislo, id_vlak, id_osoba, datum, cas_odjazdu, ciel, vzdialenost) values (186, 4, 35, 37, '2023-01-07', '6:34', 'Trenn', 467);
insert into vlak_jazda (id_vlak_jazda, cislo, id_vlak, id_osoba, datum, cas_odjazdu, ciel, vzdialenost) values (187, 6, 79, 42, '2023-04-04', '17:41', 'Koice', 449);
insert into vlak_jazda (id_vlak_jazda, cislo, id_vlak, id_osoba, datum, cas_odjazdu, ciel, vzdialenost) values (188, 7, 36, 25, '2023-05-28', '13:59', 'Trenn', 702);
insert into vlak_jazda (id_vlak_jazda, cislo, id_vlak, id_osoba, datum, cas_odjazdu, ciel, vzdialenost) values (189, 6, 76, 25, '2023-05-01', '16:22', 'Hradec Krlov', 110);
insert into vlak_jazda (id_vlak_jazda, cislo, id_vlak, id_osoba, datum, cas_odjazdu, ciel, vzdialenost) values (190, 5, 40, 1, '2023-01-05', '19:22', 'Olomouc', 362);
insert into vlak_jazda (id_vlak_jazda, cislo, id_vlak, id_osoba, datum, cas_odjazdu, ciel, vzdialenost) values (191, 1, 10, 48, '2023-02-23', '17:22', 'Liberec', 495);
insert into vlak_jazda (id_vlak_jazda, cislo, id_vlak, id_osoba, datum, cas_odjazdu, ciel, vzdialenost) values (192, 7, 34, 45, '2023-05-18', '15:54', 'Brno', 445);
insert into vlak_jazda (id_vlak_jazda, cislo, id_vlak, id_osoba, datum, cas_odjazdu, ciel, vzdialenost) values (193, 5, 93, 16, '2023-03-09', '5:29', 'Liberec', 572);
insert into vlak_jazda (id_vlak_jazda, cislo, id_vlak, id_osoba, datum, cas_odjazdu, ciel, vzdialenost) values (194, 6, 20, 33, '2023-04-26', '18:17', 'Praha', 666);
insert into vlak_jazda (id_vlak_jazda, cislo, id_vlak, id_osoba, datum, cas_odjazdu, ciel, vzdialenost) values (195, 5, 48, 29, '2023-01-20', '20:59', 'esk Budejovice', 175);
insert into vlak_jazda (id_vlak_jazda, cislo, id_vlak, id_osoba, datum, cas_odjazdu, ciel, vzdialenost) values (196, 8, 56, 14, '2023-05-18', '0:47', 'Liberec', 541);
insert into vlak_jazda (id_vlak_jazda, cislo, id_vlak, id_osoba, datum, cas_odjazdu, ciel, vzdialenost) values (197, 1, 59, 29, '2023-05-14', '22:50', 'Ostrava', 372);
insert into vlak_jazda (id_vlak_jazda, cislo, id_vlak, id_osoba, datum, cas_odjazdu, ciel, vzdialenost) values (198, 3, 49, 28, '2023-01-05', '14:26', 'Olomouc', 723);
insert into vlak_jazda (id_vlak_jazda, cislo, id_vlak, id_osoba, datum, cas_odjazdu, ciel, vzdialenost) values (199, 6, 21, 19, '2023-02-11', '10:26', 'Praha', 602);
insert into vlak_jazda (id_vlak_jazda, cislo, id_vlak, id_osoba, datum, cas_odjazdu, ciel, vzdialenost) values (200, 3, 57, 44, '2023-01-24', '12:21', 'Brno', 798);
insert into vlak_jazda (id_vlak_jazda, cislo, id_vlak, id_osoba, datum, cas_odjazdu, ciel, vzdialenost) values (201, 7, 33, 21, '12.4.2023', '16:50', 'Ostrava', 600);
insert into vlak_jazda (id_vlak_jazda, cislo, id_vlak, id_osoba, datum, cas_odjazdu, ciel, vzdialenost) values (202, 4, 24, 50, '11.1.2023', '13:26', 'Olomouc', 650);



-- insert steward
insert into steward (id_osoba, zamestnavatel) values (100, 'D');
insert into steward (id_osoba, zamestnavatel) values (101, 'RegioJet');
insert into steward (id_osoba, zamestnavatel) values (102, 'ZSSK');
insert into steward (id_osoba, zamestnavatel) values (103, 'D');
insert into steward (id_osoba, zamestnavatel) values (104, 'ZSSK');
insert into steward (id_osoba, zamestnavatel) values (105, 'ZSSK');
insert into steward (id_osoba, zamestnavatel) values (106, 'D');
insert into steward (id_osoba, zamestnavatel) values (107, 'LeoExpress');
insert into steward (id_osoba, zamestnavatel) values (108, 'ZSSK');
insert into steward (id_osoba, zamestnavatel) values (109, 'LeoExpress');
insert into steward (id_osoba, zamestnavatel) values (110, 'RegioJet');
insert into steward (id_osoba, zamestnavatel) values (111, 'LeoExpress');
insert into steward (id_osoba, zamestnavatel) values (112, 'RegioJet');
insert into steward (id_osoba, zamestnavatel) values (113, 'D');
insert into steward (id_osoba, zamestnavatel) values (114, 'D');
insert into steward (id_osoba, zamestnavatel) values (115, 'D');
insert into steward (id_osoba, zamestnavatel) values (116, 'LeoExpress');
insert into steward (id_osoba, zamestnavatel) values (117, 'D');
insert into steward (id_osoba, zamestnavatel) values (118, 'ZSSK');
insert into steward (id_osoba, zamestnavatel) values (119, 'RegioJet');
insert into steward (id_osoba, zamestnavatel) values (120, 'D');
insert into steward (id_osoba, zamestnavatel) values (121, 'D');
insert into steward (id_osoba, zamestnavatel) values (122, 'D');
insert into steward (id_osoba, zamestnavatel) values (123, 'ZSSK');
insert into steward (id_osoba, zamestnavatel) values (124, 'RegioJet');
insert into steward (id_osoba, zamestnavatel) values (125, 'RegioJet');
insert into steward (id_osoba, zamestnavatel) values (126, 'LeoExpress');
insert into steward (id_osoba, zamestnavatel) values (127, 'ZSSK');
insert into steward (id_osoba, zamestnavatel) values (128, 'ZSSK');
insert into steward (id_osoba, zamestnavatel) values (129, 'LeoExpress');
insert into steward (id_osoba, zamestnavatel) values (130, 'LeoExpress');
insert into steward (id_osoba, zamestnavatel) values (131, 'LeoExpress');
insert into steward (id_osoba, zamestnavatel) values (132, 'ZSSK');
insert into steward (id_osoba, zamestnavatel) values (133, 'D');
insert into steward (id_osoba, zamestnavatel) values (134, 'RegioJet');
insert into steward (id_osoba, zamestnavatel) values (135, 'D');
insert into steward (id_osoba, zamestnavatel) values (136, 'LeoExpress');
insert into steward (id_osoba, zamestnavatel) values (137, 'LeoExpress');
insert into steward (id_osoba, zamestnavatel) values (138, 'LeoExpress');
insert into steward (id_osoba, zamestnavatel) values (139, 'D');
insert into steward (id_osoba, zamestnavatel) values (140, 'ZSSK');
insert into steward (id_osoba, zamestnavatel) values (141, 'D');
insert into steward (id_osoba, zamestnavatel) values (142, 'LeoExpress');
insert into steward (id_osoba, zamestnavatel) values (143, 'RegioJet');
insert into steward (id_osoba, zamestnavatel) values (144, 'D');
insert into steward (id_osoba, zamestnavatel) values (145, 'LeoExpress');
insert into steward (id_osoba, zamestnavatel) values (146, 'RegioJet');
insert into steward (id_osoba, zamestnavatel) values (147, 'ZSSK');
insert into steward (id_osoba, zamestnavatel) values (148, 'RegioJet');
insert into steward (id_osoba, zamestnavatel) values (149, 'RegioJet');
insert into steward (id_osoba, zamestnavatel) values (150, 'RegioJet');
insert into steward (id_osoba, zamestnavatel) values (151, 'LeoExpress');
insert into steward (id_osoba, zamestnavatel) values (152, 'LeoExpress');
insert into steward (id_osoba, zamestnavatel) values (153, 'RegioJet');
insert into steward (id_osoba, zamestnavatel) values (154, 'ZSSK');
insert into steward (id_osoba, zamestnavatel) values (155, 'LeoExpress');
insert into steward (id_osoba, zamestnavatel) values (156, 'ZSSK');
insert into steward (id_osoba, zamestnavatel) values (157, 'D');
insert into steward (id_osoba, zamestnavatel) values (158, 'D');
insert into steward (id_osoba, zamestnavatel) values (159, 'RegioJet');
insert into steward (id_osoba, zamestnavatel) values (160, 'LeoExpress');
insert into steward (id_osoba, zamestnavatel) values (161, 'D');
insert into steward (id_osoba, zamestnavatel) values (162, 'ZSSK');
insert into steward (id_osoba, zamestnavatel) values (163, 'D');
insert into steward (id_osoba, zamestnavatel) values (164, 'RegioJet');
insert into steward (id_osoba, zamestnavatel) values (165, 'ZSSK');
insert into steward (id_osoba, zamestnavatel) values (166, 'ZSSK');
insert into steward (id_osoba, zamestnavatel) values (167, 'RegioJet');
insert into steward (id_osoba, zamestnavatel) values (168, 'ZSSK');
insert into steward (id_osoba, zamestnavatel) values (169, 'D');
insert into steward (id_osoba, zamestnavatel) values (170, 'ZSSK');
insert into steward (id_osoba, zamestnavatel) values (171, 'RegioJet');
insert into steward (id_osoba, zamestnavatel) values (172, 'LeoExpress');
insert into steward (id_osoba, zamestnavatel) values (173, 'LeoExpress');
insert into steward (id_osoba, zamestnavatel) values (174, 'LeoExpress');
insert into steward (id_osoba, zamestnavatel) values (175, 'ZSSK');
insert into steward (id_osoba, zamestnavatel) values (176, 'RegioJet');
insert into steward (id_osoba, zamestnavatel) values (177, 'D');
insert into steward (id_osoba, zamestnavatel) values (178, 'RegioJet');
insert into steward (id_osoba, zamestnavatel) values (179, 'RegioJet');
insert into steward (id_osoba, zamestnavatel) values (180, 'LeoExpress');
insert into steward (id_osoba, zamestnavatel) values (181, 'LeoExpress');
insert into steward (id_osoba, zamestnavatel) values (182, 'LeoExpress');
insert into steward (id_osoba, zamestnavatel) values (183, 'D');
insert into steward (id_osoba, zamestnavatel) values (184, 'LeoExpress');
insert into steward (id_osoba, zamestnavatel) values (185, 'LeoExpress');
insert into steward (id_osoba, zamestnavatel) values (186, 'LeoExpress');
insert into steward (id_osoba, zamestnavatel) values (187, 'RegioJet');
insert into steward (id_osoba, zamestnavatel) values (188, 'ZSSK');
insert into steward (id_osoba, zamestnavatel) values (189, 'LeoExpress');
insert into steward (id_osoba, zamestnavatel) values (190, 'D');
insert into steward (id_osoba, zamestnavatel) values (191, 'ZSSK');
insert into steward (id_osoba, zamestnavatel) values (192, 'LeoExpress');
insert into steward (id_osoba, zamestnavatel) values (193, 'ZSSK');
insert into steward (id_osoba, zamestnavatel) values (194, 'ZSSK');
insert into steward (id_osoba, zamestnavatel) values (195, 'LeoExpress');
insert into steward (id_osoba, zamestnavatel) values (196, 'LeoExpress');
insert into steward (id_osoba, zamestnavatel) values (197, 'LeoExpress');
insert into steward (id_osoba, zamestnavatel) values (198, 'RegioJet');
insert into steward (id_osoba, zamestnavatel) values (199, 'LeoExpress');
insert into steward (id_osoba, zamestnavatel) values (200, 'D');
insert into steward (id_osoba, zamestnavatel) values (201, 'RegioJet');
insert into steward (id_osoba, zamestnavatel) values (202, 'RegioJet');
insert into steward (id_osoba, zamestnavatel) values (203, 'RegioJet');
insert into steward (id_osoba, zamestnavatel) values (204, 'LeoExpress');
insert into steward (id_osoba, zamestnavatel) values (205, 'RegioJet');
insert into steward (id_osoba, zamestnavatel) values (206, 'D');
insert into steward (id_osoba, zamestnavatel) values (207, 'RegioJet');
insert into steward (id_osoba, zamestnavatel) values (208, 'RegioJet');
insert into steward (id_osoba, zamestnavatel) values (209, 'RegioJet');
insert into steward (id_osoba, zamestnavatel) values (210, 'D');
insert into steward (id_osoba, zamestnavatel) values (211, 'D');
insert into steward (id_osoba, zamestnavatel) values (212, 'ZSSK');
insert into steward (id_osoba, zamestnavatel) values (213, 'LeoExpress');
insert into steward (id_osoba, zamestnavatel) values (214, 'D');
insert into steward (id_osoba, zamestnavatel) values (215, 'LeoExpress');
insert into steward (id_osoba, zamestnavatel) values (216, 'D');
insert into steward (id_osoba, zamestnavatel) values (217, 'ZSSK');
insert into steward (id_osoba, zamestnavatel) values (218, 'D');
insert into steward (id_osoba, zamestnavatel) values (219, 'LeoExpress');
insert into steward (id_osoba, zamestnavatel) values (220, 'LeoExpress');
insert into steward (id_osoba, zamestnavatel) values (221, 'ZSSK');
insert into steward (id_osoba, zamestnavatel) values (222, 'RegioJet');
insert into steward (id_osoba, zamestnavatel) values (223, 'D');
insert into steward (id_osoba, zamestnavatel) values (224, 'D');
insert into steward (id_osoba, zamestnavatel) values (225, 'ZSSK');
insert into steward (id_osoba, zamestnavatel) values (226, 'RegioJet');
insert into steward (id_osoba, zamestnavatel) values (227, 'LeoExpress');
insert into steward (id_osoba, zamestnavatel) values (228, 'LeoExpress');
insert into steward (id_osoba, zamestnavatel) values (229, 'LeoExpress');
insert into steward (id_osoba, zamestnavatel) values (230, 'RegioJet');
insert into steward (id_osoba, zamestnavatel) values (231, 'LeoExpress');
insert into steward (id_osoba, zamestnavatel) values (232, 'ZSSK');
insert into steward (id_osoba, zamestnavatel) values (233, 'ZSSK');
insert into steward (id_osoba, zamestnavatel) values (234, 'LeoExpress');
insert into steward (id_osoba, zamestnavatel) values (235, 'ZSSK');
insert into steward (id_osoba, zamestnavatel) values (236, 'LeoExpress');
insert into steward (id_osoba, zamestnavatel) values (237, 'D');
insert into steward (id_osoba, zamestnavatel) values (238, 'RegioJet');
insert into steward (id_osoba, zamestnavatel) values (239, 'ZSSK');
insert into steward (id_osoba, zamestnavatel) values (240, 'RegioJet');
insert into steward (id_osoba, zamestnavatel) values (241, 'RegioJet');
insert into steward (id_osoba, zamestnavatel) values (242, 'RegioJet');
insert into steward (id_osoba, zamestnavatel) values (243, 'LeoExpress');
insert into steward (id_osoba, zamestnavatel) values (244, 'D');
insert into steward (id_osoba, zamestnavatel) values (245, 'LeoExpress');
insert into steward (id_osoba, zamestnavatel) values (246, 'D');
insert into steward (id_osoba, zamestnavatel) values (247, 'ZSSK');
insert into steward (id_osoba, zamestnavatel) values (248, 'D');
insert into steward (id_osoba, zamestnavatel) values (249, 'LeoExpress');


-- insert o_vagon_jazda
insert into o_vagon_jazda (id_o_vagon_jazda, id_o_vagon, id_osoba, id_vlak_jazda) values (1, 95, 214, 14);
insert into o_vagon_jazda (id_o_vagon_jazda, id_o_vagon, id_osoba, id_vlak_jazda) values (2, 20, 151, 46);
insert into o_vagon_jazda (id_o_vagon_jazda, id_o_vagon, id_osoba, id_vlak_jazda) values (3, 29, null, 21);
insert into o_vagon_jazda (id_o_vagon_jazda, id_o_vagon, id_osoba, id_vlak_jazda) values (4, 54, 245, 26);
insert into o_vagon_jazda (id_o_vagon_jazda, id_o_vagon, id_osoba, id_vlak_jazda) values (5, 47, 218, 61);
insert into o_vagon_jazda (id_o_vagon_jazda, id_o_vagon, id_osoba, id_vlak_jazda) values (6, 53, 237, 29);
insert into o_vagon_jazda (id_o_vagon_jazda, id_o_vagon, id_osoba, id_vlak_jazda) values (7, 18, 129, 48);
insert into o_vagon_jazda (id_o_vagon_jazda, id_o_vagon, id_osoba, id_vlak_jazda) values (8, 29, 113, 53);
insert into o_vagon_jazda (id_o_vagon_jazda, id_o_vagon, id_osoba, id_vlak_jazda) values (9, 84, 211, 18);
insert into o_vagon_jazda (id_o_vagon_jazda, id_o_vagon, id_osoba, id_vlak_jazda) values (10, 1, 129, 74);
insert into o_vagon_jazda (id_o_vagon_jazda, id_o_vagon, id_osoba, id_vlak_jazda) values (11, 40, 160, 8);
insert into o_vagon_jazda (id_o_vagon_jazda, id_o_vagon, id_osoba, id_vlak_jazda) values (12, 31, 240, 60);
insert into o_vagon_jazda (id_o_vagon_jazda, id_o_vagon, id_osoba, id_vlak_jazda) values (13, 82, 146, 62);
insert into o_vagon_jazda (id_o_vagon_jazda, id_o_vagon, id_osoba, id_vlak_jazda) values (14, 10, 187, 40);
insert into o_vagon_jazda (id_o_vagon_jazda, id_o_vagon, id_osoba, id_vlak_jazda) values (15, 42, null, 36);
insert into o_vagon_jazda (id_o_vagon_jazda, id_o_vagon, id_osoba, id_vlak_jazda) values (16, 72, 110, 78);
insert into o_vagon_jazda (id_o_vagon_jazda, id_o_vagon, id_osoba, id_vlak_jazda) values (17, 63, 109, 19);
insert into o_vagon_jazda (id_o_vagon_jazda, id_o_vagon, id_osoba, id_vlak_jazda) values (18, 51, 140, 21);
insert into o_vagon_jazda (id_o_vagon_jazda, id_o_vagon, id_osoba, id_vlak_jazda) values (19, 16, 123, 11);
insert into o_vagon_jazda (id_o_vagon_jazda, id_o_vagon, id_osoba, id_vlak_jazda) values (20, 79, 241, 4);
insert into o_vagon_jazda (id_o_vagon_jazda, id_o_vagon, id_osoba, id_vlak_jazda) values (21, 52, 240, 86);
insert into o_vagon_jazda (id_o_vagon_jazda, id_o_vagon, id_osoba, id_vlak_jazda) values (22, 21, 147, 72);
insert into o_vagon_jazda (id_o_vagon_jazda, id_o_vagon, id_osoba, id_vlak_jazda) values (23, 64, null, 56);
insert into o_vagon_jazda (id_o_vagon_jazda, id_o_vagon, id_osoba, id_vlak_jazda) values (24, 49, 183, 72);
insert into o_vagon_jazda (id_o_vagon_jazda, id_o_vagon, id_osoba, id_vlak_jazda) values (25, 69, 179, 57);
insert into o_vagon_jazda (id_o_vagon_jazda, id_o_vagon, id_osoba, id_vlak_jazda) values (26, 27, 119, 35);
insert into o_vagon_jazda (id_o_vagon_jazda, id_o_vagon, id_osoba, id_vlak_jazda) values (27, 44, null, 68);
insert into o_vagon_jazda (id_o_vagon_jazda, id_o_vagon, id_osoba, id_vlak_jazda) values (28, 86, 202, 87);
insert into o_vagon_jazda (id_o_vagon_jazda, id_o_vagon, id_osoba, id_vlak_jazda) values (29, 83, 197, 33);
insert into o_vagon_jazda (id_o_vagon_jazda, id_o_vagon, id_osoba, id_vlak_jazda) values (30, 76, null, 77);
insert into o_vagon_jazda (id_o_vagon_jazda, id_o_vagon, id_osoba, id_vlak_jazda) values (31, 52, 115, 96);
insert into o_vagon_jazda (id_o_vagon_jazda, id_o_vagon, id_osoba, id_vlak_jazda) values (32, 6, 165, 33);
insert into o_vagon_jazda (id_o_vagon_jazda, id_o_vagon, id_osoba, id_vlak_jazda) values (33, 3, 151, 85);
insert into o_vagon_jazda (id_o_vagon_jazda, id_o_vagon, id_osoba, id_vlak_jazda) values (34, 55, null, 56);
insert into o_vagon_jazda (id_o_vagon_jazda, id_o_vagon, id_osoba, id_vlak_jazda) values (35, 70, 202, 91);
insert into o_vagon_jazda (id_o_vagon_jazda, id_o_vagon, id_osoba, id_vlak_jazda) values (36, 59, 163, 70);
insert into o_vagon_jazda (id_o_vagon_jazda, id_o_vagon, id_osoba, id_vlak_jazda) values (37, 33, 117, 73);
insert into o_vagon_jazda (id_o_vagon_jazda, id_o_vagon, id_osoba, id_vlak_jazda) values (38, 57, 111, 64);
insert into o_vagon_jazda (id_o_vagon_jazda, id_o_vagon, id_osoba, id_vlak_jazda) values (39, 47, 209, 100);
insert into o_vagon_jazda (id_o_vagon_jazda, id_o_vagon, id_osoba, id_vlak_jazda) values (40, 58, 103, 65);
insert into o_vagon_jazda (id_o_vagon_jazda, id_o_vagon, id_osoba, id_vlak_jazda) values (41, 18, null, 62);
insert into o_vagon_jazda (id_o_vagon_jazda, id_o_vagon, id_osoba, id_vlak_jazda) values (42, 56, 153, 29);
insert into o_vagon_jazda (id_o_vagon_jazda, id_o_vagon, id_osoba, id_vlak_jazda) values (43, 92, 225, 30);
insert into o_vagon_jazda (id_o_vagon_jazda, id_o_vagon, id_osoba, id_vlak_jazda) values (44, 8, 151, 54);
insert into o_vagon_jazda (id_o_vagon_jazda, id_o_vagon, id_osoba, id_vlak_jazda) values (45, 26, 247, 90);
insert into o_vagon_jazda (id_o_vagon_jazda, id_o_vagon, id_osoba, id_vlak_jazda) values (46, 36, 101, 20);
insert into o_vagon_jazda (id_o_vagon_jazda, id_o_vagon, id_osoba, id_vlak_jazda) values (47, 19, 158, 23);
insert into o_vagon_jazda (id_o_vagon_jazda, id_o_vagon, id_osoba, id_vlak_jazda) values (48, 41, 226, 28);
insert into o_vagon_jazda (id_o_vagon_jazda, id_o_vagon, id_osoba, id_vlak_jazda) values (49, 10, 118, 74);
insert into o_vagon_jazda (id_o_vagon_jazda, id_o_vagon, id_osoba, id_vlak_jazda) values (50, 18, 171, 98);
insert into o_vagon_jazda (id_o_vagon_jazda, id_o_vagon, id_osoba, id_vlak_jazda) values (51, 61, 240, 97);
insert into o_vagon_jazda (id_o_vagon_jazda, id_o_vagon, id_osoba, id_vlak_jazda) values (52, 81, null, 82);
insert into o_vagon_jazda (id_o_vagon_jazda, id_o_vagon, id_osoba, id_vlak_jazda) values (53, 13, 164, 31);
insert into o_vagon_jazda (id_o_vagon_jazda, id_o_vagon, id_osoba, id_vlak_jazda) values (54, 75, 189, 97);
insert into o_vagon_jazda (id_o_vagon_jazda, id_o_vagon, id_osoba, id_vlak_jazda) values (55, 100, 240, 90);
insert into o_vagon_jazda (id_o_vagon_jazda, id_o_vagon, id_osoba, id_vlak_jazda) values (56, 69, 166, 12);
insert into o_vagon_jazda (id_o_vagon_jazda, id_o_vagon, id_osoba, id_vlak_jazda) values (57, 100, 167, 21);
insert into o_vagon_jazda (id_o_vagon_jazda, id_o_vagon, id_osoba, id_vlak_jazda) values (58, 35, 158, 29);
insert into o_vagon_jazda (id_o_vagon_jazda, id_o_vagon, id_osoba, id_vlak_jazda) values (59, 12, null, 10);
insert into o_vagon_jazda (id_o_vagon_jazda, id_o_vagon, id_osoba, id_vlak_jazda) values (60, 99, 215, 94);
insert into o_vagon_jazda (id_o_vagon_jazda, id_o_vagon, id_osoba, id_vlak_jazda) values (61, 25, 176, 34);
insert into o_vagon_jazda (id_o_vagon_jazda, id_o_vagon, id_osoba, id_vlak_jazda) values (62, 73, 141, 38);
insert into o_vagon_jazda (id_o_vagon_jazda, id_o_vagon, id_osoba, id_vlak_jazda) values (63, 97, 225, 28);
insert into o_vagon_jazda (id_o_vagon_jazda, id_o_vagon, id_osoba, id_vlak_jazda) values (64, 9, 102, 43);
insert into o_vagon_jazda (id_o_vagon_jazda, id_o_vagon, id_osoba, id_vlak_jazda) values (65, 3, 127, 66);
insert into o_vagon_jazda (id_o_vagon_jazda, id_o_vagon, id_osoba, id_vlak_jazda) values (66, 67, 164, 74);
insert into o_vagon_jazda (id_o_vagon_jazda, id_o_vagon, id_osoba, id_vlak_jazda) values (67, 86, 150, 84);
insert into o_vagon_jazda (id_o_vagon_jazda, id_o_vagon, id_osoba, id_vlak_jazda) values (68, 45, 181, 77);
insert into o_vagon_jazda (id_o_vagon_jazda, id_o_vagon, id_osoba, id_vlak_jazda) values (69, 71, 149, 16);
insert into o_vagon_jazda (id_o_vagon_jazda, id_o_vagon, id_osoba, id_vlak_jazda) values (70, 72, 104, 37);
insert into o_vagon_jazda (id_o_vagon_jazda, id_o_vagon, id_osoba, id_vlak_jazda) values (71, 92, 187, 47);
insert into o_vagon_jazda (id_o_vagon_jazda, id_o_vagon, id_osoba, id_vlak_jazda) values (72, 38, null, 3);
insert into o_vagon_jazda (id_o_vagon_jazda, id_o_vagon, id_osoba, id_vlak_jazda) values (73, 7, null, 97);
insert into o_vagon_jazda (id_o_vagon_jazda, id_o_vagon, id_osoba, id_vlak_jazda) values (74, 25, 174, 65);
insert into o_vagon_jazda (id_o_vagon_jazda, id_o_vagon, id_osoba, id_vlak_jazda) values (75, 26, 127, 86);
insert into o_vagon_jazda (id_o_vagon_jazda, id_o_vagon, id_osoba, id_vlak_jazda) values (76, 20, 119, 16);
insert into o_vagon_jazda (id_o_vagon_jazda, id_o_vagon, id_osoba, id_vlak_jazda) values (77, 2, 173, 92);
insert into o_vagon_jazda (id_o_vagon_jazda, id_o_vagon, id_osoba, id_vlak_jazda) values (78, 83, 209, 45);
insert into o_vagon_jazda (id_o_vagon_jazda, id_o_vagon, id_osoba, id_vlak_jazda) values (79, 95, 223, 68);
insert into o_vagon_jazda (id_o_vagon_jazda, id_o_vagon, id_osoba, id_vlak_jazda) values (80, 98, 159, 36);
insert into o_vagon_jazda (id_o_vagon_jazda, id_o_vagon, id_osoba, id_vlak_jazda) values (81, 10, 217, 42);
insert into o_vagon_jazda (id_o_vagon_jazda, id_o_vagon, id_osoba, id_vlak_jazda) values (82, 24, 164, 100);
insert into o_vagon_jazda (id_o_vagon_jazda, id_o_vagon, id_osoba, id_vlak_jazda) values (83, 14, 145, 74);
insert into o_vagon_jazda (id_o_vagon_jazda, id_o_vagon, id_osoba, id_vlak_jazda) values (84, 83, null, 26);
insert into o_vagon_jazda (id_o_vagon_jazda, id_o_vagon, id_osoba, id_vlak_jazda) values (85, 83, 151, 37);
insert into o_vagon_jazda (id_o_vagon_jazda, id_o_vagon, id_osoba, id_vlak_jazda) values (86, 41, 129, 29);
insert into o_vagon_jazda (id_o_vagon_jazda, id_o_vagon, id_osoba, id_vlak_jazda) values (87, 67, 119, 60);
insert into o_vagon_jazda (id_o_vagon_jazda, id_o_vagon, id_osoba, id_vlak_jazda) values (88, 88, null, 85);
insert into o_vagon_jazda (id_o_vagon_jazda, id_o_vagon, id_osoba, id_vlak_jazda) values (89, 63, 213, 2);
insert into o_vagon_jazda (id_o_vagon_jazda, id_o_vagon, id_osoba, id_vlak_jazda) values (90, 20, 185, 76);
insert into o_vagon_jazda (id_o_vagon_jazda, id_o_vagon, id_osoba, id_vlak_jazda) values (91, 22, 150, 9);
insert into o_vagon_jazda (id_o_vagon_jazda, id_o_vagon, id_osoba, id_vlak_jazda) values (92, 91, 191, 15);
insert into o_vagon_jazda (id_o_vagon_jazda, id_o_vagon, id_osoba, id_vlak_jazda) values (93, 68, null, 59);
insert into o_vagon_jazda (id_o_vagon_jazda, id_o_vagon, id_osoba, id_vlak_jazda) values (94, 76, 226, 87);
insert into o_vagon_jazda (id_o_vagon_jazda, id_o_vagon, id_osoba, id_vlak_jazda) values (95, 20, 184, 54);
insert into o_vagon_jazda (id_o_vagon_jazda, id_o_vagon, id_osoba, id_vlak_jazda) values (96, 5, 208, 56);
insert into o_vagon_jazda (id_o_vagon_jazda, id_o_vagon, id_osoba, id_vlak_jazda) values (97, 80, null, 41);
insert into o_vagon_jazda (id_o_vagon_jazda, id_o_vagon, id_osoba, id_vlak_jazda) values (98, 21, 195, 5);
insert into o_vagon_jazda (id_o_vagon_jazda, id_o_vagon, id_osoba, id_vlak_jazda) values (99, 12, null, 14);
insert into o_vagon_jazda (id_o_vagon_jazda, id_o_vagon, id_osoba, id_vlak_jazda) values (100, 51, 142, 43);
insert into o_vagon_jazda (id_o_vagon_jazda, id_o_vagon, id_osoba, id_vlak_jazda) values (101, 33, 107, 33);
insert into o_vagon_jazda (id_o_vagon_jazda, id_o_vagon, id_osoba, id_vlak_jazda) values (102, 18, 156, 58);
insert into o_vagon_jazda (id_o_vagon_jazda, id_o_vagon, id_osoba, id_vlak_jazda) values (103, 99, 191, 18);
insert into o_vagon_jazda (id_o_vagon_jazda, id_o_vagon, id_osoba, id_vlak_jazda) values (104, 27, null, 9);
insert into o_vagon_jazda (id_o_vagon_jazda, id_o_vagon, id_osoba, id_vlak_jazda) values (105, 61, 206, 10);
insert into o_vagon_jazda (id_o_vagon_jazda, id_o_vagon, id_osoba, id_vlak_jazda) values (106, 44, 179, 56);
insert into o_vagon_jazda (id_o_vagon_jazda, id_o_vagon, id_osoba, id_vlak_jazda) values (107, 90, 237, 19);
insert into o_vagon_jazda (id_o_vagon_jazda, id_o_vagon, id_osoba, id_vlak_jazda) values (108, 27, null, 47);
insert into o_vagon_jazda (id_o_vagon_jazda, id_o_vagon, id_osoba, id_vlak_jazda) values (109, 18, 117, 27);
insert into o_vagon_jazda (id_o_vagon_jazda, id_o_vagon, id_osoba, id_vlak_jazda) values (110, 83, 160, 63);
insert into o_vagon_jazda (id_o_vagon_jazda, id_o_vagon, id_osoba, id_vlak_jazda) values (111, 16, 216, 98);
insert into o_vagon_jazda (id_o_vagon_jazda, id_o_vagon, id_osoba, id_vlak_jazda) values (112, 83, null, 73);
insert into o_vagon_jazda (id_o_vagon_jazda, id_o_vagon, id_osoba, id_vlak_jazda) values (113, 58, 201, 62);
insert into o_vagon_jazda (id_o_vagon_jazda, id_o_vagon, id_osoba, id_vlak_jazda) values (114, 26, 143, 12);
insert into o_vagon_jazda (id_o_vagon_jazda, id_o_vagon, id_osoba, id_vlak_jazda) values (115, 12, null, 34);
insert into o_vagon_jazda (id_o_vagon_jazda, id_o_vagon, id_osoba, id_vlak_jazda) values (116, 91, 115, 52);
insert into o_vagon_jazda (id_o_vagon_jazda, id_o_vagon, id_osoba, id_vlak_jazda) values (117, 69, null, 49);
insert into o_vagon_jazda (id_o_vagon_jazda, id_o_vagon, id_osoba, id_vlak_jazda) values (118, 82, 184, 95);
insert into o_vagon_jazda (id_o_vagon_jazda, id_o_vagon, id_osoba, id_vlak_jazda) values (119, 71, 107, 62);
insert into o_vagon_jazda (id_o_vagon_jazda, id_o_vagon, id_osoba, id_vlak_jazda) values (120, 56, 184, 77);
insert into o_vagon_jazda (id_o_vagon_jazda, id_o_vagon, id_osoba, id_vlak_jazda) values (121, 86, 216, 45);
insert into o_vagon_jazda (id_o_vagon_jazda, id_o_vagon, id_osoba, id_vlak_jazda) values (122, 86, 176, 46);
insert into o_vagon_jazda (id_o_vagon_jazda, id_o_vagon, id_osoba, id_vlak_jazda) values (123, 83, null, 42);
insert into o_vagon_jazda (id_o_vagon_jazda, id_o_vagon, id_osoba, id_vlak_jazda) values (124, 82, 217, 72);
insert into o_vagon_jazda (id_o_vagon_jazda, id_o_vagon, id_osoba, id_vlak_jazda) values (125, 13, 203, 86);
insert into o_vagon_jazda (id_o_vagon_jazda, id_o_vagon, id_osoba, id_vlak_jazda) values (126, 98, 202, 96);
insert into o_vagon_jazda (id_o_vagon_jazda, id_o_vagon, id_osoba, id_vlak_jazda) values (127, 78, null, 83);
insert into o_vagon_jazda (id_o_vagon_jazda, id_o_vagon, id_osoba, id_vlak_jazda) values (128, 87, 235, 57);
insert into o_vagon_jazda (id_o_vagon_jazda, id_o_vagon, id_osoba, id_vlak_jazda) values (129, 41, null, 62);
insert into o_vagon_jazda (id_o_vagon_jazda, id_o_vagon, id_osoba, id_vlak_jazda) values (130, 2, 224, 10);
insert into o_vagon_jazda (id_o_vagon_jazda, id_o_vagon, id_osoba, id_vlak_jazda) values (131, 45, 204, 31);
insert into o_vagon_jazda (id_o_vagon_jazda, id_o_vagon, id_osoba, id_vlak_jazda) values (132, 32, 127, 51);
insert into o_vagon_jazda (id_o_vagon_jazda, id_o_vagon, id_osoba, id_vlak_jazda) values (133, 59, 166, 81);
insert into o_vagon_jazda (id_o_vagon_jazda, id_o_vagon, id_osoba, id_vlak_jazda) values (134, 79, 186, 79);
insert into o_vagon_jazda (id_o_vagon_jazda, id_o_vagon, id_osoba, id_vlak_jazda) values (135, 99, 100, 96);
insert into o_vagon_jazda (id_o_vagon_jazda, id_o_vagon, id_osoba, id_vlak_jazda) values (136, 46, 106, 35);
insert into o_vagon_jazda (id_o_vagon_jazda, id_o_vagon, id_osoba, id_vlak_jazda) values (137, 61, 103, 3);
insert into o_vagon_jazda (id_o_vagon_jazda, id_o_vagon, id_osoba, id_vlak_jazda) values (138, 88, 249, 32);
insert into o_vagon_jazda (id_o_vagon_jazda, id_o_vagon, id_osoba, id_vlak_jazda) values (139, 23, 163, 1);
insert into o_vagon_jazda (id_o_vagon_jazda, id_o_vagon, id_osoba, id_vlak_jazda) values (140, 14, 247, 52);
insert into o_vagon_jazda (id_o_vagon_jazda, id_o_vagon, id_osoba, id_vlak_jazda) values (141, 74, 212, 77);
insert into o_vagon_jazda (id_o_vagon_jazda, id_o_vagon, id_osoba, id_vlak_jazda) values (142, 93, 163, 56);
insert into o_vagon_jazda (id_o_vagon_jazda, id_o_vagon, id_osoba, id_vlak_jazda) values (143, 94, 207, 29);
insert into o_vagon_jazda (id_o_vagon_jazda, id_o_vagon, id_osoba, id_vlak_jazda) values (144, 82, 233, 71);
insert into o_vagon_jazda (id_o_vagon_jazda, id_o_vagon, id_osoba, id_vlak_jazda) values (145, 29, 184, 29);
insert into o_vagon_jazda (id_o_vagon_jazda, id_o_vagon, id_osoba, id_vlak_jazda) values (146, 43, 231, 2);
insert into o_vagon_jazda (id_o_vagon_jazda, id_o_vagon, id_osoba, id_vlak_jazda) values (147, 54, 120, 45);
insert into o_vagon_jazda (id_o_vagon_jazda, id_o_vagon, id_osoba, id_vlak_jazda) values (148, 18, 215, 71);
insert into o_vagon_jazda (id_o_vagon_jazda, id_o_vagon, id_osoba, id_vlak_jazda) values (149, 69, 109, 46);
insert into o_vagon_jazda (id_o_vagon_jazda, id_o_vagon, id_osoba, id_vlak_jazda) values (150, 96, 201, 44);

-- insert pasazier
insert into pasazier (id_jazda_pasazier, id_osoba, id_o_vagon_jazda, miesto) values (1, 346, 12, 187);
insert into pasazier (id_jazda_pasazier, id_osoba, id_o_vagon_jazda, miesto) values (2, 14, 4, 137);
insert into pasazier (id_jazda_pasazier, id_osoba, id_o_vagon_jazda, miesto) values (3, 147, 69, 103);
insert into pasazier (id_jazda_pasazier, id_osoba, id_o_vagon_jazda, miesto) values (4, 306, 82, 27);
insert into pasazier (id_jazda_pasazier, id_osoba, id_o_vagon_jazda, miesto) values (5, 383, 25, 99);
insert into pasazier (id_jazda_pasazier, id_osoba, id_o_vagon_jazda, miesto) values (6, 186, 42, 94);
insert into pasazier (id_jazda_pasazier, id_osoba, id_o_vagon_jazda, miesto) values (7, 196, 59, 95);
insert into pasazier (id_jazda_pasazier, id_osoba, id_o_vagon_jazda, miesto) values (8, 237, 15, 158);
insert into pasazier (id_jazda_pasazier, id_osoba, id_o_vagon_jazda, miesto) values (9, 24, 21, 103);
insert into pasazier (id_jazda_pasazier, id_osoba, id_o_vagon_jazda, miesto) values (10, 109, 83, 97);
insert into pasazier (id_jazda_pasazier, id_osoba, id_o_vagon_jazda, miesto) values (11, 148, 52, 168);
insert into pasazier (id_jazda_pasazier, id_osoba, id_o_vagon_jazda, miesto) values (12, 312, 68, 98);
insert into pasazier (id_jazda_pasazier, id_osoba, id_o_vagon_jazda, miesto) values (13, 97, 24, 214);
insert into pasazier (id_jazda_pasazier, id_osoba, id_o_vagon_jazda, miesto) values (14, 51, 7, 176);
insert into pasazier (id_jazda_pasazier, id_osoba, id_o_vagon_jazda, miesto) values (15, 256, 69, 83);
insert into pasazier (id_jazda_pasazier, id_osoba, id_o_vagon_jazda, miesto) values (16, 310, 42, 165);
insert into pasazier (id_jazda_pasazier, id_osoba, id_o_vagon_jazda, miesto) values (17, 110, 79, 190);
insert into pasazier (id_jazda_pasazier, id_osoba, id_o_vagon_jazda, miesto) values (18, 47, 24, 39);
insert into pasazier (id_jazda_pasazier, id_osoba, id_o_vagon_jazda, miesto) values (19, 120, 70, 24);
insert into pasazier (id_jazda_pasazier, id_osoba, id_o_vagon_jazda, miesto) values (20, 250, 44, 201);
insert into pasazier (id_jazda_pasazier, id_osoba, id_o_vagon_jazda, miesto) values (21, 191, 56, 125);
insert into pasazier (id_jazda_pasazier, id_osoba, id_o_vagon_jazda, miesto) values (22, 392, 45, 109);
insert into pasazier (id_jazda_pasazier, id_osoba, id_o_vagon_jazda, miesto) values (23, 245, 100, 137);
insert into pasazier (id_jazda_pasazier, id_osoba, id_o_vagon_jazda, miesto) values (24, 326, 57, 100);
insert into pasazier (id_jazda_pasazier, id_osoba, id_o_vagon_jazda, miesto) values (25, 171, 79, 192);
insert into pasazier (id_jazda_pasazier, id_osoba, id_o_vagon_jazda, miesto) values (26, 284, 50, 162);
insert into pasazier (id_jazda_pasazier, id_osoba, id_o_vagon_jazda, miesto) values (27, 252, 36, 79);
insert into pasazier (id_jazda_pasazier, id_osoba, id_o_vagon_jazda, miesto) values (28, 141, 77, 215);
insert into pasazier (id_jazda_pasazier, id_osoba, id_o_vagon_jazda, miesto) values (29, 366, 86, 140);
insert into pasazier (id_jazda_pasazier, id_osoba, id_o_vagon_jazda, miesto) values (30, 30, 8, 47);
insert into pasazier (id_jazda_pasazier, id_osoba, id_o_vagon_jazda, miesto) values (31, 191, 28, 36);
insert into pasazier (id_jazda_pasazier, id_osoba, id_o_vagon_jazda, miesto) values (32, 157, 81, 58);
insert into pasazier (id_jazda_pasazier, id_osoba, id_o_vagon_jazda, miesto) values (33, 140, 13, 117);
insert into pasazier (id_jazda_pasazier, id_osoba, id_o_vagon_jazda, miesto) values (34, 400, 19, 116);
insert into pasazier (id_jazda_pasazier, id_osoba, id_o_vagon_jazda, miesto) values (35, 33, 2, 153);
insert into pasazier (id_jazda_pasazier, id_osoba, id_o_vagon_jazda, miesto) values (36, 36, 61, 97);
insert into pasazier (id_jazda_pasazier, id_osoba, id_o_vagon_jazda, miesto) values (37, 281, 35, 27);
insert into pasazier (id_jazda_pasazier, id_osoba, id_o_vagon_jazda, miesto) values (38, 275, 50, 183);
insert into pasazier (id_jazda_pasazier, id_osoba, id_o_vagon_jazda, miesto) values (39, 270, 32, 184);
insert into pasazier (id_jazda_pasazier, id_osoba, id_o_vagon_jazda, miesto) values (40, 380, 21, 191);
insert into pasazier (id_jazda_pasazier, id_osoba, id_o_vagon_jazda, miesto) values (41, 206, 57, 50);
insert into pasazier (id_jazda_pasazier, id_osoba, id_o_vagon_jazda, miesto) values (42, 361, 10, 102);
insert into pasazier (id_jazda_pasazier, id_osoba, id_o_vagon_jazda, miesto) values (43, 221, 91, 230);
insert into pasazier (id_jazda_pasazier, id_osoba, id_o_vagon_jazda, miesto) values (44, 112, 23, 187);
insert into pasazier (id_jazda_pasazier, id_osoba, id_o_vagon_jazda, miesto) values (45, 107, 22, 183);
insert into pasazier (id_jazda_pasazier, id_osoba, id_o_vagon_jazda, miesto) values (46, 193, 44, 237);
insert into pasazier (id_jazda_pasazier, id_osoba, id_o_vagon_jazda, miesto) values (47, 234, 18, 182);
insert into pasazier (id_jazda_pasazier, id_osoba, id_o_vagon_jazda, miesto) values (48, 130, 6, 247);
insert into pasazier (id_jazda_pasazier, id_osoba, id_o_vagon_jazda, miesto) values (49, 248, 2, 86);
insert into pasazier (id_jazda_pasazier, id_osoba, id_o_vagon_jazda, miesto) values (50, 185, 49, 231);
insert into pasazier (id_jazda_pasazier, id_osoba, id_o_vagon_jazda, miesto) values (51, 223, 21, 160);
insert into pasazier (id_jazda_pasazier, id_osoba, id_o_vagon_jazda, miesto) values (52, 41, 74, 220);
insert into pasazier (id_jazda_pasazier, id_osoba, id_o_vagon_jazda, miesto) values (53, 165, 51, 214);
insert into pasazier (id_jazda_pasazier, id_osoba, id_o_vagon_jazda, miesto) values (54, 287, 53, 6);
insert into pasazier (id_jazda_pasazier, id_osoba, id_o_vagon_jazda, miesto) values (55, 344, 24, 143);
insert into pasazier (id_jazda_pasazier, id_osoba, id_o_vagon_jazda, miesto) values (56, 308, 35, 195);
insert into pasazier (id_jazda_pasazier, id_osoba, id_o_vagon_jazda, miesto) values (57, 177, 13, 22);
insert into pasazier (id_jazda_pasazier, id_osoba, id_o_vagon_jazda, miesto) values (58, 130, 21, 230);
insert into pasazier (id_jazda_pasazier, id_osoba, id_o_vagon_jazda, miesto) values (59, 133, 71, 227);
insert into pasazier (id_jazda_pasazier, id_osoba, id_o_vagon_jazda, miesto) values (60, 384, 22, 226);
insert into pasazier (id_jazda_pasazier, id_osoba, id_o_vagon_jazda, miesto) values (61, 54, 56, 53);
insert into pasazier (id_jazda_pasazier, id_osoba, id_o_vagon_jazda, miesto) values (62, 189, 63, 117);
insert into pasazier (id_jazda_pasazier, id_osoba, id_o_vagon_jazda, miesto) values (63, 1, 34, 46);
insert into pasazier (id_jazda_pasazier, id_osoba, id_o_vagon_jazda, miesto) values (64, 346, 28, 135);
insert into pasazier (id_jazda_pasazier, id_osoba, id_o_vagon_jazda, miesto) values (65, 259, 40, 222);
insert into pasazier (id_jazda_pasazier, id_osoba, id_o_vagon_jazda, miesto) values (66, 108, 3, 138);
insert into pasazier (id_jazda_pasazier, id_osoba, id_o_vagon_jazda, miesto) values (67, 313, 97, 107);
insert into pasazier (id_jazda_pasazier, id_osoba, id_o_vagon_jazda, miesto) values (68, 154, 18, 15);
insert into pasazier (id_jazda_pasazier, id_osoba, id_o_vagon_jazda, miesto) values (69, 207, 71, 169);
insert into pasazier (id_jazda_pasazier, id_osoba, id_o_vagon_jazda, miesto) values (70, 304, 1, 229);
insert into pasazier (id_jazda_pasazier, id_osoba, id_o_vagon_jazda, miesto) values (71, 201, 97, 141);
insert into pasazier (id_jazda_pasazier, id_osoba, id_o_vagon_jazda, miesto) values (72, 126, 30, 168);
insert into pasazier (id_jazda_pasazier, id_osoba, id_o_vagon_jazda, miesto) values (73, 331, 7, 192);
insert into pasazier (id_jazda_pasazier, id_osoba, id_o_vagon_jazda, miesto) values (74, 259, 59, 63);
insert into pasazier (id_jazda_pasazier, id_osoba, id_o_vagon_jazda, miesto) values (75, 340, 71, 170);
insert into pasazier (id_jazda_pasazier, id_osoba, id_o_vagon_jazda, miesto) values (76, 161, 44, 166);
insert into pasazier (id_jazda_pasazier, id_osoba, id_o_vagon_jazda, miesto) values (77, 266, 54, 60);
insert into pasazier (id_jazda_pasazier, id_osoba, id_o_vagon_jazda, miesto) values (78, 115, 12, 179);
insert into pasazier (id_jazda_pasazier, id_osoba, id_o_vagon_jazda, miesto) values (79, 114, 32, 161);
insert into pasazier (id_jazda_pasazier, id_osoba, id_o_vagon_jazda, miesto) values (80, 104, 23, 128);
insert into pasazier (id_jazda_pasazier, id_osoba, id_o_vagon_jazda, miesto) values (81, 260, 43, 50);
insert into pasazier (id_jazda_pasazier, id_osoba, id_o_vagon_jazda, miesto) values (82, 289, 90, 38);
insert into pasazier (id_jazda_pasazier, id_osoba, id_o_vagon_jazda, miesto) values (83, 48, 50, 53);
insert into pasazier (id_jazda_pasazier, id_osoba, id_o_vagon_jazda, miesto) values (84, 144, 54, 138);
insert into pasazier (id_jazda_pasazier, id_osoba, id_o_vagon_jazda, miesto) values (85, 128, 18, 233);
insert into pasazier (id_jazda_pasazier, id_osoba, id_o_vagon_jazda, miesto) values (86, 44, 42, 145);
insert into pasazier (id_jazda_pasazier, id_osoba, id_o_vagon_jazda, miesto) values (87, 348, 77, 17);
insert into pasazier (id_jazda_pasazier, id_osoba, id_o_vagon_jazda, miesto) values (88, 351, 91, 238);
insert into pasazier (id_jazda_pasazier, id_osoba, id_o_vagon_jazda, miesto) values (89, 238, 85, 17);
insert into pasazier (id_jazda_pasazier, id_osoba, id_o_vagon_jazda, miesto) values (90, 294, 18, 63);
insert into pasazier (id_jazda_pasazier, id_osoba, id_o_vagon_jazda, miesto) values (91, 5, 96, 222);
insert into pasazier (id_jazda_pasazier, id_osoba, id_o_vagon_jazda, miesto) values (92, 247, 97, 1);
insert into pasazier (id_jazda_pasazier, id_osoba, id_o_vagon_jazda, miesto) values (93, 128, 36, 119);
insert into pasazier (id_jazda_pasazier, id_osoba, id_o_vagon_jazda, miesto) values (94, 325, 79, 21);
insert into pasazier (id_jazda_pasazier, id_osoba, id_o_vagon_jazda, miesto) values (95, 165, 100, 143);
insert into pasazier (id_jazda_pasazier, id_osoba, id_o_vagon_jazda, miesto) values (96, 283, 62, 49);
insert into pasazier (id_jazda_pasazier, id_osoba, id_o_vagon_jazda, miesto) values (97, 105, 55, 62);
insert into pasazier (id_jazda_pasazier, id_osoba, id_o_vagon_jazda, miesto) values (98, 229, 15, 221);
insert into pasazier (id_jazda_pasazier, id_osoba, id_o_vagon_jazda, miesto) values (99, 294, 37, 98);
insert into pasazier (id_jazda_pasazier, id_osoba, id_o_vagon_jazda, miesto) values (100, 294, 88, 243);
insert into pasazier (id_jazda_pasazier, id_osoba, id_o_vagon_jazda, miesto) values (101, 288, 34, 58);
insert into pasazier (id_jazda_pasazier, id_osoba, id_o_vagon_jazda, miesto) values (102, 102, 77, 26);
insert into pasazier (id_jazda_pasazier, id_osoba, id_o_vagon_jazda, miesto) values (103, 300, 43, 48);
insert into pasazier (id_jazda_pasazier, id_osoba, id_o_vagon_jazda, miesto) values (104, 376, 45, 24);
insert into pasazier (id_jazda_pasazier, id_osoba, id_o_vagon_jazda, miesto) values (105, 363, 90, 133);
insert into pasazier (id_jazda_pasazier, id_osoba, id_o_vagon_jazda, miesto) values (106, 87, 9, 95);
insert into pasazier (id_jazda_pasazier, id_osoba, id_o_vagon_jazda, miesto) values (107, 43, 31, 32);
insert into pasazier (id_jazda_pasazier, id_osoba, id_o_vagon_jazda, miesto) values (108, 11, 38, 184);
insert into pasazier (id_jazda_pasazier, id_osoba, id_o_vagon_jazda, miesto) values (109, 365, 74, 217);
insert into pasazier (id_jazda_pasazier, id_osoba, id_o_vagon_jazda, miesto) values (110, 72, 3, 27);
insert into pasazier (id_jazda_pasazier, id_osoba, id_o_vagon_jazda, miesto) values (111, 23, 11, 9);
insert into pasazier (id_jazda_pasazier, id_osoba, id_o_vagon_jazda, miesto) values (112, 163, 27, 115);
insert into pasazier (id_jazda_pasazier, id_osoba, id_o_vagon_jazda, miesto) values (113, 136, 49, 138);
insert into pasazier (id_jazda_pasazier, id_osoba, id_o_vagon_jazda, miesto) values (114, 194, 32, 117);
insert into pasazier (id_jazda_pasazier, id_osoba, id_o_vagon_jazda, miesto) values (115, 336, 92, 92);
insert into pasazier (id_jazda_pasazier, id_osoba, id_o_vagon_jazda, miesto) values (116, 299, 45, 5);
insert into pasazier (id_jazda_pasazier, id_osoba, id_o_vagon_jazda, miesto) values (117, 161, 87, 164);
insert into pasazier (id_jazda_pasazier, id_osoba, id_o_vagon_jazda, miesto) values (118, 249, 14, 188);
insert into pasazier (id_jazda_pasazier, id_osoba, id_o_vagon_jazda, miesto) values (119, 156, 19, 233);
insert into pasazier (id_jazda_pasazier, id_osoba, id_o_vagon_jazda, miesto) values (120, 400, 1, 93);
insert into pasazier (id_jazda_pasazier, id_osoba, id_o_vagon_jazda, miesto) values (121, 356, 42, 45);
insert into pasazier (id_jazda_pasazier, id_osoba, id_o_vagon_jazda, miesto) values (122, 198, 89, 20);
insert into pasazier (id_jazda_pasazier, id_osoba, id_o_vagon_jazda, miesto) values (123, 293, 89, 30);
insert into pasazier (id_jazda_pasazier, id_osoba, id_o_vagon_jazda, miesto) values (124, 323, 12, 40);
insert into pasazier (id_jazda_pasazier, id_osoba, id_o_vagon_jazda, miesto) values (125, 52, 1, 167);
insert into pasazier (id_jazda_pasazier, id_osoba, id_o_vagon_jazda, miesto) values (126, 251, 46, 78);
insert into pasazier (id_jazda_pasazier, id_osoba, id_o_vagon_jazda, miesto) values (127, 23, 93, 54);
insert into pasazier (id_jazda_pasazier, id_osoba, id_o_vagon_jazda, miesto) values (128, 218, 87, 41);
insert into pasazier (id_jazda_pasazier, id_osoba, id_o_vagon_jazda, miesto) values (129, 365, 48, 193);
insert into pasazier (id_jazda_pasazier, id_osoba, id_o_vagon_jazda, miesto) values (130, 216, 79, 149);
insert into pasazier (id_jazda_pasazier, id_osoba, id_o_vagon_jazda, miesto) values (131, 345, 67, 132);
insert into pasazier (id_jazda_pasazier, id_osoba, id_o_vagon_jazda, miesto) values (132, 287, 35, 161);
insert into pasazier (id_jazda_pasazier, id_osoba, id_o_vagon_jazda, miesto) values (133, 120, 35, 213);
insert into pasazier (id_jazda_pasazier, id_osoba, id_o_vagon_jazda, miesto) values (134, 304, 49, 141);
insert into pasazier (id_jazda_pasazier, id_osoba, id_o_vagon_jazda, miesto) values (135, 310, 26, 249);
insert into pasazier (id_jazda_pasazier, id_osoba, id_o_vagon_jazda, miesto) values (136, 160, 56, 77);
insert into pasazier (id_jazda_pasazier, id_osoba, id_o_vagon_jazda, miesto) values (137, 276, 93, 160);
insert into pasazier (id_jazda_pasazier, id_osoba, id_o_vagon_jazda, miesto) values (138, 130, 88, 15);
insert into pasazier (id_jazda_pasazier, id_osoba, id_o_vagon_jazda, miesto) values (139, 213, 99, 218);
insert into pasazier (id_jazda_pasazier, id_osoba, id_o_vagon_jazda, miesto) values (140, 346, 60, 119);
insert into pasazier (id_jazda_pasazier, id_osoba, id_o_vagon_jazda, miesto) values (141, 233, 59, 4);
insert into pasazier (id_jazda_pasazier, id_osoba, id_o_vagon_jazda, miesto) values (142, 204, 40, 142);
insert into pasazier (id_jazda_pasazier, id_osoba, id_o_vagon_jazda, miesto) values (143, 225, 48, 57);
insert into pasazier (id_jazda_pasazier, id_osoba, id_o_vagon_jazda, miesto) values (144, 188, 23, 46);
insert into pasazier (id_jazda_pasazier, id_osoba, id_o_vagon_jazda, miesto) values (145, 74, 4, 110);
insert into pasazier (id_jazda_pasazier, id_osoba, id_o_vagon_jazda, miesto) values (146, 215, 78, 86);
insert into pasazier (id_jazda_pasazier, id_osoba, id_o_vagon_jazda, miesto) values (147, 304, 3, 212);
insert into pasazier (id_jazda_pasazier, id_osoba, id_o_vagon_jazda, miesto) values (148, 213, 39, 187);
insert into pasazier (id_jazda_pasazier, id_osoba, id_o_vagon_jazda, miesto) values (149, 148, 93, 169);
insert into pasazier (id_jazda_pasazier, id_osoba, id_o_vagon_jazda, miesto) values (150, 316, 35, 42);
insert into pasazier (id_jazda_pasazier, id_osoba, id_o_vagon_jazda, miesto) values (151, 337, 1, 95);
insert into pasazier (id_jazda_pasazier, id_osoba, id_o_vagon_jazda, miesto) values (152, 69, 99, 94);
insert into pasazier (id_jazda_pasazier, id_osoba, id_o_vagon_jazda, miesto) values (153, 10, 67, 22);
insert into pasazier (id_jazda_pasazier, id_osoba, id_o_vagon_jazda, miesto) values (154, 307, 40, 34);
insert into pasazier (id_jazda_pasazier, id_osoba, id_o_vagon_jazda, miesto) values (155, 374, 7, 188);
insert into pasazier (id_jazda_pasazier, id_osoba, id_o_vagon_jazda, miesto) values (156, 217, 5, 116);
insert into pasazier (id_jazda_pasazier, id_osoba, id_o_vagon_jazda, miesto) values (157, 214, 91, 43);
insert into pasazier (id_jazda_pasazier, id_osoba, id_o_vagon_jazda, miesto) values (158, 393, 66, 125);
insert into pasazier (id_jazda_pasazier, id_osoba, id_o_vagon_jazda, miesto) values (159, 270, 68, 63);
insert into pasazier (id_jazda_pasazier, id_osoba, id_o_vagon_jazda, miesto) values (160, 157, 65, 59);
insert into pasazier (id_jazda_pasazier, id_osoba, id_o_vagon_jazda, miesto) values (161, 197, 11, 120);
insert into pasazier (id_jazda_pasazier, id_osoba, id_o_vagon_jazda, miesto) values (162, 249, 33, 123);
insert into pasazier (id_jazda_pasazier, id_osoba, id_o_vagon_jazda, miesto) values (163, 319, 30, 159);
insert into pasazier (id_jazda_pasazier, id_osoba, id_o_vagon_jazda, miesto) values (164, 318, 18, 57);
insert into pasazier (id_jazda_pasazier, id_osoba, id_o_vagon_jazda, miesto) values (165, 281, 38, 157);
insert into pasazier (id_jazda_pasazier, id_osoba, id_o_vagon_jazda, miesto) values (166, 89, 28, 102);
insert into pasazier (id_jazda_pasazier, id_osoba, id_o_vagon_jazda, miesto) values (167, 145, 82, 94);
insert into pasazier (id_jazda_pasazier, id_osoba, id_o_vagon_jazda, miesto) values (168, 100, 33, 194);
insert into pasazier (id_jazda_pasazier, id_osoba, id_o_vagon_jazda, miesto) values (169, 391, 32, 58);
insert into pasazier (id_jazda_pasazier, id_osoba, id_o_vagon_jazda, miesto) values (170, 384, 25, 110);
insert into pasazier (id_jazda_pasazier, id_osoba, id_o_vagon_jazda, miesto) values (171, 244, 23, 34);
insert into pasazier (id_jazda_pasazier, id_osoba, id_o_vagon_jazda, miesto) values (172, 98, 76, 7);
insert into pasazier (id_jazda_pasazier, id_osoba, id_o_vagon_jazda, miesto) values (173, 363, 72, 186);
insert into pasazier (id_jazda_pasazier, id_osoba, id_o_vagon_jazda, miesto) values (174, 170, 19, 5);
insert into pasazier (id_jazda_pasazier, id_osoba, id_o_vagon_jazda, miesto) values (175, 100, 87, 190);
insert into pasazier (id_jazda_pasazier, id_osoba, id_o_vagon_jazda, miesto) values (176, 166, 23, 202);
insert into pasazier (id_jazda_pasazier, id_osoba, id_o_vagon_jazda, miesto) values (177, 379, 29, 171);
insert into pasazier (id_jazda_pasazier, id_osoba, id_o_vagon_jazda, miesto) values (178, 382, 93, 143);
insert into pasazier (id_jazda_pasazier, id_osoba, id_o_vagon_jazda, miesto) values (179, 9, 75, 118);
insert into pasazier (id_jazda_pasazier, id_osoba, id_o_vagon_jazda, miesto) values (180, 378, 77, 51);
insert into pasazier (id_jazda_pasazier, id_osoba, id_o_vagon_jazda, miesto) values (181, 269, 69, 150);
insert into pasazier (id_jazda_pasazier, id_osoba, id_o_vagon_jazda, miesto) values (182, 99, 62, 64);
insert into pasazier (id_jazda_pasazier, id_osoba, id_o_vagon_jazda, miesto) values (183, 129, 53, 216);
insert into pasazier (id_jazda_pasazier, id_osoba, id_o_vagon_jazda, miesto) values (184, 366, 26, 64);
insert into pasazier (id_jazda_pasazier, id_osoba, id_o_vagon_jazda, miesto) values (185, 273, 80, 92);
insert into pasazier (id_jazda_pasazier, id_osoba, id_o_vagon_jazda, miesto) values (186, 55, 83, 124);
insert into pasazier (id_jazda_pasazier, id_osoba, id_o_vagon_jazda, miesto) values (187, 79, 77, 129);
insert into pasazier (id_jazda_pasazier, id_osoba, id_o_vagon_jazda, miesto) values (188, 275, 9, 174);
insert into pasazier (id_jazda_pasazier, id_osoba, id_o_vagon_jazda, miesto) values (189, 193, 98, 75);
insert into pasazier (id_jazda_pasazier, id_osoba, id_o_vagon_jazda, miesto) values (190, 102, 2, 235);
insert into pasazier (id_jazda_pasazier, id_osoba, id_o_vagon_jazda, miesto) values (191, 29, 29, 16);
insert into pasazier (id_jazda_pasazier, id_osoba, id_o_vagon_jazda, miesto) values (192, 200, 18, 98);
insert into pasazier (id_jazda_pasazier, id_osoba, id_o_vagon_jazda, miesto) values (193, 3, 45, 225);
insert into pasazier (id_jazda_pasazier, id_osoba, id_o_vagon_jazda, miesto) values (194, 139, 88, 148);
insert into pasazier (id_jazda_pasazier, id_osoba, id_o_vagon_jazda, miesto) values (195, 360, 65, 104);
insert into pasazier (id_jazda_pasazier, id_osoba, id_o_vagon_jazda, miesto) values (196, 24, 75, 151);
insert into pasazier (id_jazda_pasazier, id_osoba, id_o_vagon_jazda, miesto) values (197, 216, 29, 51);
insert into pasazier (id_jazda_pasazier, id_osoba, id_o_vagon_jazda, miesto) values (198, 133, 84, 82);
insert into pasazier (id_jazda_pasazier, id_osoba, id_o_vagon_jazda, miesto) values (199, 297, 29, 3);
insert into pasazier (id_jazda_pasazier, id_osoba, id_o_vagon_jazda, miesto) values (200, 199, 2, 207);



-- insert n_vagon_jazda
insert into n_vagon_jazda (id_n_vagon_jazda, id_n_vagon, id_vlak_jazda) values (1, 19, 134);
insert into n_vagon_jazda (id_n_vagon_jazda, id_n_vagon, id_vlak_jazda) values (2, 86, 157);
insert into n_vagon_jazda (id_n_vagon_jazda, id_n_vagon, id_vlak_jazda) values (3, 17, 119);
insert into n_vagon_jazda (id_n_vagon_jazda, id_n_vagon, id_vlak_jazda) values (4, 100, 111);
insert into n_vagon_jazda (id_n_vagon_jazda, id_n_vagon, id_vlak_jazda) values (5, 49, 130);
insert into n_vagon_jazda (id_n_vagon_jazda, id_n_vagon, id_vlak_jazda) values (6, 11, 178);
insert into n_vagon_jazda (id_n_vagon_jazda, id_n_vagon, id_vlak_jazda) values (7, 74, 143);
insert into n_vagon_jazda (id_n_vagon_jazda, id_n_vagon, id_vlak_jazda) values (8, 86, 157);
insert into n_vagon_jazda (id_n_vagon_jazda, id_n_vagon, id_vlak_jazda) values (9, 8, 164);
insert into n_vagon_jazda (id_n_vagon_jazda, id_n_vagon, id_vlak_jazda) values (10, 77, 168);
insert into n_vagon_jazda (id_n_vagon_jazda, id_n_vagon, id_vlak_jazda) values (11, 98, 155);
insert into n_vagon_jazda (id_n_vagon_jazda, id_n_vagon, id_vlak_jazda) values (12, 44, 185);
insert into n_vagon_jazda (id_n_vagon_jazda, id_n_vagon, id_vlak_jazda) values (13, 28, 116);
insert into n_vagon_jazda (id_n_vagon_jazda, id_n_vagon, id_vlak_jazda) values (14, 39, 103);
insert into n_vagon_jazda (id_n_vagon_jazda, id_n_vagon, id_vlak_jazda) values (15, 63, 195);
insert into n_vagon_jazda (id_n_vagon_jazda, id_n_vagon, id_vlak_jazda) values (16, 80, 197);
insert into n_vagon_jazda (id_n_vagon_jazda, id_n_vagon, id_vlak_jazda) values (17, 39, 162);
insert into n_vagon_jazda (id_n_vagon_jazda, id_n_vagon, id_vlak_jazda) values (18, 100, 109);
insert into n_vagon_jazda (id_n_vagon_jazda, id_n_vagon, id_vlak_jazda) values (19, 44, 164);
insert into n_vagon_jazda (id_n_vagon_jazda, id_n_vagon, id_vlak_jazda) values (20, 50, 119);
insert into n_vagon_jazda (id_n_vagon_jazda, id_n_vagon, id_vlak_jazda) values (21, 29, 170);
insert into n_vagon_jazda (id_n_vagon_jazda, id_n_vagon, id_vlak_jazda) values (22, 7, 168);
insert into n_vagon_jazda (id_n_vagon_jazda, id_n_vagon, id_vlak_jazda) values (23, 26, 175);
insert into n_vagon_jazda (id_n_vagon_jazda, id_n_vagon, id_vlak_jazda) values (24, 94, 156);
insert into n_vagon_jazda (id_n_vagon_jazda, id_n_vagon, id_vlak_jazda) values (25, 34, 150);
insert into n_vagon_jazda (id_n_vagon_jazda, id_n_vagon, id_vlak_jazda) values (26, 79, 197);
insert into n_vagon_jazda (id_n_vagon_jazda, id_n_vagon, id_vlak_jazda) values (27, 94, 160);
insert into n_vagon_jazda (id_n_vagon_jazda, id_n_vagon, id_vlak_jazda) values (28, 79, 115);
insert into n_vagon_jazda (id_n_vagon_jazda, id_n_vagon, id_vlak_jazda) values (29, 1, 135);
insert into n_vagon_jazda (id_n_vagon_jazda, id_n_vagon, id_vlak_jazda) values (30, 25, 100);
insert into n_vagon_jazda (id_n_vagon_jazda, id_n_vagon, id_vlak_jazda) values (31, 95, 179);
insert into n_vagon_jazda (id_n_vagon_jazda, id_n_vagon, id_vlak_jazda) values (32, 41, 181);
insert into n_vagon_jazda (id_n_vagon_jazda, id_n_vagon, id_vlak_jazda) values (33, 16, 192);
insert into n_vagon_jazda (id_n_vagon_jazda, id_n_vagon, id_vlak_jazda) values (34, 94, 184);
insert into n_vagon_jazda (id_n_vagon_jazda, id_n_vagon, id_vlak_jazda) values (35, 28, 153);
insert into n_vagon_jazda (id_n_vagon_jazda, id_n_vagon, id_vlak_jazda) values (36, 38, 142);
insert into n_vagon_jazda (id_n_vagon_jazda, id_n_vagon, id_vlak_jazda) values (37, 14, 106);
insert into n_vagon_jazda (id_n_vagon_jazda, id_n_vagon, id_vlak_jazda) values (38, 54, 196);
insert into n_vagon_jazda (id_n_vagon_jazda, id_n_vagon, id_vlak_jazda) values (39, 29, 153);
insert into n_vagon_jazda (id_n_vagon_jazda, id_n_vagon, id_vlak_jazda) values (40, 27, 174);
insert into n_vagon_jazda (id_n_vagon_jazda, id_n_vagon, id_vlak_jazda) values (41, 98, 132);
insert into n_vagon_jazda (id_n_vagon_jazda, id_n_vagon, id_vlak_jazda) values (42, 98, 129);
insert into n_vagon_jazda (id_n_vagon_jazda, id_n_vagon, id_vlak_jazda) values (43, 65, 108);
insert into n_vagon_jazda (id_n_vagon_jazda, id_n_vagon, id_vlak_jazda) values (44, 87, 157);
insert into n_vagon_jazda (id_n_vagon_jazda, id_n_vagon, id_vlak_jazda) values (45, 23, 127);
insert into n_vagon_jazda (id_n_vagon_jazda, id_n_vagon, id_vlak_jazda) values (46, 2, 199);
insert into n_vagon_jazda (id_n_vagon_jazda, id_n_vagon, id_vlak_jazda) values (47, 69, 119);
insert into n_vagon_jazda (id_n_vagon_jazda, id_n_vagon, id_vlak_jazda) values (48, 48, 134);
insert into n_vagon_jazda (id_n_vagon_jazda, id_n_vagon, id_vlak_jazda) values (49, 54, 158);
insert into n_vagon_jazda (id_n_vagon_jazda, id_n_vagon, id_vlak_jazda) values (50, 15, 117);
insert into n_vagon_jazda (id_n_vagon_jazda, id_n_vagon, id_vlak_jazda) values (51, 59, 148);
insert into n_vagon_jazda (id_n_vagon_jazda, id_n_vagon, id_vlak_jazda) values (52, 76, 166);
insert into n_vagon_jazda (id_n_vagon_jazda, id_n_vagon, id_vlak_jazda) values (53, 29, 183);
insert into n_vagon_jazda (id_n_vagon_jazda, id_n_vagon, id_vlak_jazda) values (54, 5, 151);
insert into n_vagon_jazda (id_n_vagon_jazda, id_n_vagon, id_vlak_jazda) values (55, 38, 154);
insert into n_vagon_jazda (id_n_vagon_jazda, id_n_vagon, id_vlak_jazda) values (56, 31, 102);
insert into n_vagon_jazda (id_n_vagon_jazda, id_n_vagon, id_vlak_jazda) values (57, 78, 114);
insert into n_vagon_jazda (id_n_vagon_jazda, id_n_vagon, id_vlak_jazda) values (58, 11, 102);
insert into n_vagon_jazda (id_n_vagon_jazda, id_n_vagon, id_vlak_jazda) values (59, 87, 131);
insert into n_vagon_jazda (id_n_vagon_jazda, id_n_vagon, id_vlak_jazda) values (60, 59, 141);
insert into n_vagon_jazda (id_n_vagon_jazda, id_n_vagon, id_vlak_jazda) values (61, 48, 136);
insert into n_vagon_jazda (id_n_vagon_jazda, id_n_vagon, id_vlak_jazda) values (62, 50, 169);
insert into n_vagon_jazda (id_n_vagon_jazda, id_n_vagon, id_vlak_jazda) values (63, 58, 136);
insert into n_vagon_jazda (id_n_vagon_jazda, id_n_vagon, id_vlak_jazda) values (64, 71, 176);
insert into n_vagon_jazda (id_n_vagon_jazda, id_n_vagon, id_vlak_jazda) values (65, 69, 156);
insert into n_vagon_jazda (id_n_vagon_jazda, id_n_vagon, id_vlak_jazda) values (66, 92, 156);
insert into n_vagon_jazda (id_n_vagon_jazda, id_n_vagon, id_vlak_jazda) values (67, 82, 199);
insert into n_vagon_jazda (id_n_vagon_jazda, id_n_vagon, id_vlak_jazda) values (68, 12, 130);
insert into n_vagon_jazda (id_n_vagon_jazda, id_n_vagon, id_vlak_jazda) values (69, 85, 141);
insert into n_vagon_jazda (id_n_vagon_jazda, id_n_vagon, id_vlak_jazda) values (70, 44, 178);
insert into n_vagon_jazda (id_n_vagon_jazda, id_n_vagon, id_vlak_jazda) values (71, 80, 111);
insert into n_vagon_jazda (id_n_vagon_jazda, id_n_vagon, id_vlak_jazda) values (72, 3, 120);
insert into n_vagon_jazda (id_n_vagon_jazda, id_n_vagon, id_vlak_jazda) values (73, 54, 118);
insert into n_vagon_jazda (id_n_vagon_jazda, id_n_vagon, id_vlak_jazda) values (74, 33, 199);
insert into n_vagon_jazda (id_n_vagon_jazda, id_n_vagon, id_vlak_jazda) values (75, 11, 159);
insert into n_vagon_jazda (id_n_vagon_jazda, id_n_vagon, id_vlak_jazda) values (76, 64, 178);
insert into n_vagon_jazda (id_n_vagon_jazda, id_n_vagon, id_vlak_jazda) values (77, 70, 152);
insert into n_vagon_jazda (id_n_vagon_jazda, id_n_vagon, id_vlak_jazda) values (78, 56, 161);
insert into n_vagon_jazda (id_n_vagon_jazda, id_n_vagon, id_vlak_jazda) values (79, 93, 171);
insert into n_vagon_jazda (id_n_vagon_jazda, id_n_vagon, id_vlak_jazda) values (80, 40, 131);
insert into n_vagon_jazda (id_n_vagon_jazda, id_n_vagon, id_vlak_jazda) values (81, 66, 113);
insert into n_vagon_jazda (id_n_vagon_jazda, id_n_vagon, id_vlak_jazda) values (82, 80, 139);
insert into n_vagon_jazda (id_n_vagon_jazda, id_n_vagon, id_vlak_jazda) values (83, 55, 154);
insert into n_vagon_jazda (id_n_vagon_jazda, id_n_vagon, id_vlak_jazda) values (84, 66, 152);
insert into n_vagon_jazda (id_n_vagon_jazda, id_n_vagon, id_vlak_jazda) values (85, 3, 132);
insert into n_vagon_jazda (id_n_vagon_jazda, id_n_vagon, id_vlak_jazda) values (86, 60, 129);
insert into n_vagon_jazda (id_n_vagon_jazda, id_n_vagon, id_vlak_jazda) values (87, 94, 115);
insert into n_vagon_jazda (id_n_vagon_jazda, id_n_vagon, id_vlak_jazda) values (88, 96, 136);
insert into n_vagon_jazda (id_n_vagon_jazda, id_n_vagon, id_vlak_jazda) values (89, 91, 160);
insert into n_vagon_jazda (id_n_vagon_jazda, id_n_vagon, id_vlak_jazda) values (90, 94, 170);
insert into n_vagon_jazda (id_n_vagon_jazda, id_n_vagon, id_vlak_jazda) values (91, 58, 130);
insert into n_vagon_jazda (id_n_vagon_jazda, id_n_vagon, id_vlak_jazda) values (92, 21, 114);
insert into n_vagon_jazda (id_n_vagon_jazda, id_n_vagon, id_vlak_jazda) values (93, 81, 154);
insert into n_vagon_jazda (id_n_vagon_jazda, id_n_vagon, id_vlak_jazda) values (94, 88, 199);
insert into n_vagon_jazda (id_n_vagon_jazda, id_n_vagon, id_vlak_jazda) values (95, 68, 132);
insert into n_vagon_jazda (id_n_vagon_jazda, id_n_vagon, id_vlak_jazda) values (96, 17, 173);
insert into n_vagon_jazda (id_n_vagon_jazda, id_n_vagon, id_vlak_jazda) values (97, 21, 171);
insert into n_vagon_jazda (id_n_vagon_jazda, id_n_vagon, id_vlak_jazda) values (98, 4, 159);
insert into n_vagon_jazda (id_n_vagon_jazda, id_n_vagon, id_vlak_jazda) values (99, 71, 107);
insert into n_vagon_jazda (id_n_vagon_jazda, id_n_vagon, id_vlak_jazda) values (100, 78, 142);
insert into n_vagon_jazda (id_n_vagon_jazda, id_n_vagon, id_vlak_jazda) values (101, 78, 175);
insert into n_vagon_jazda (id_n_vagon_jazda, id_n_vagon, id_vlak_jazda) values (102, 59, 161);
insert into n_vagon_jazda (id_n_vagon_jazda, id_n_vagon, id_vlak_jazda) values (103, 33, 183);
insert into n_vagon_jazda (id_n_vagon_jazda, id_n_vagon, id_vlak_jazda) values (104, 13, 130);
insert into n_vagon_jazda (id_n_vagon_jazda, id_n_vagon, id_vlak_jazda) values (105, 59, 119);
insert into n_vagon_jazda (id_n_vagon_jazda, id_n_vagon, id_vlak_jazda) values (106, 71, 147);
insert into n_vagon_jazda (id_n_vagon_jazda, id_n_vagon, id_vlak_jazda) values (107, 55, 113);
insert into n_vagon_jazda (id_n_vagon_jazda, id_n_vagon, id_vlak_jazda) values (108, 19, 200);
insert into n_vagon_jazda (id_n_vagon_jazda, id_n_vagon, id_vlak_jazda) values (109, 85, 104);
insert into n_vagon_jazda (id_n_vagon_jazda, id_n_vagon, id_vlak_jazda) values (110, 92, 143);
insert into n_vagon_jazda (id_n_vagon_jazda, id_n_vagon, id_vlak_jazda) values (111, 11, 136);
insert into n_vagon_jazda (id_n_vagon_jazda, id_n_vagon, id_vlak_jazda) values (112, 86, 179);
insert into n_vagon_jazda (id_n_vagon_jazda, id_n_vagon, id_vlak_jazda) values (113, 46, 101);
insert into n_vagon_jazda (id_n_vagon_jazda, id_n_vagon, id_vlak_jazda) values (114, 97, 197);
insert into n_vagon_jazda (id_n_vagon_jazda, id_n_vagon, id_vlak_jazda) values (115, 63, 188);
insert into n_vagon_jazda (id_n_vagon_jazda, id_n_vagon, id_vlak_jazda) values (116, 22, 187);
insert into n_vagon_jazda (id_n_vagon_jazda, id_n_vagon, id_vlak_jazda) values (117, 33, 174);
insert into n_vagon_jazda (id_n_vagon_jazda, id_n_vagon, id_vlak_jazda) values (118, 50, 144);
insert into n_vagon_jazda (id_n_vagon_jazda, id_n_vagon, id_vlak_jazda) values (119, 50, 126);
insert into n_vagon_jazda (id_n_vagon_jazda, id_n_vagon, id_vlak_jazda) values (120, 50, 120);
insert into n_vagon_jazda (id_n_vagon_jazda, id_n_vagon, id_vlak_jazda) values (121, 79, 143);
insert into n_vagon_jazda (id_n_vagon_jazda, id_n_vagon, id_vlak_jazda) values (122, 63, 130);
insert into n_vagon_jazda (id_n_vagon_jazda, id_n_vagon, id_vlak_jazda) values (123, 87, 164);
insert into n_vagon_jazda (id_n_vagon_jazda, id_n_vagon, id_vlak_jazda) values (124, 57, 123);
insert into n_vagon_jazda (id_n_vagon_jazda, id_n_vagon, id_vlak_jazda) values (125, 36, 174);
insert into n_vagon_jazda (id_n_vagon_jazda, id_n_vagon, id_vlak_jazda) values (126, 49, 158);
insert into n_vagon_jazda (id_n_vagon_jazda, id_n_vagon, id_vlak_jazda) values (127, 56, 184);
insert into n_vagon_jazda (id_n_vagon_jazda, id_n_vagon, id_vlak_jazda) values (128, 80, 158);
insert into n_vagon_jazda (id_n_vagon_jazda, id_n_vagon, id_vlak_jazda) values (129, 69, 150);
insert into n_vagon_jazda (id_n_vagon_jazda, id_n_vagon, id_vlak_jazda) values (130, 5, 114);
insert into n_vagon_jazda (id_n_vagon_jazda, id_n_vagon, id_vlak_jazda) values (131, 75, 109);
insert into n_vagon_jazda (id_n_vagon_jazda, id_n_vagon, id_vlak_jazda) values (132, 73, 135);
insert into n_vagon_jazda (id_n_vagon_jazda, id_n_vagon, id_vlak_jazda) values (133, 36, 153);
insert into n_vagon_jazda (id_n_vagon_jazda, id_n_vagon, id_vlak_jazda) values (134, 13, 172);
insert into n_vagon_jazda (id_n_vagon_jazda, id_n_vagon, id_vlak_jazda) values (135, 61, 195);
insert into n_vagon_jazda (id_n_vagon_jazda, id_n_vagon, id_vlak_jazda) values (136, 17, 164);
insert into n_vagon_jazda (id_n_vagon_jazda, id_n_vagon, id_vlak_jazda) values (137, 63, 108);
insert into n_vagon_jazda (id_n_vagon_jazda, id_n_vagon, id_vlak_jazda) values (138, 93, 189);
insert into n_vagon_jazda (id_n_vagon_jazda, id_n_vagon, id_vlak_jazda) values (139, 26, 154);
insert into n_vagon_jazda (id_n_vagon_jazda, id_n_vagon, id_vlak_jazda) values (140, 44, 159);
insert into n_vagon_jazda (id_n_vagon_jazda, id_n_vagon, id_vlak_jazda) values (141, 33, 124);
insert into n_vagon_jazda (id_n_vagon_jazda, id_n_vagon, id_vlak_jazda) values (142, 73, 193);
insert into n_vagon_jazda (id_n_vagon_jazda, id_n_vagon, id_vlak_jazda) values (143, 64, 136);
insert into n_vagon_jazda (id_n_vagon_jazda, id_n_vagon, id_vlak_jazda) values (144, 39, 116);
insert into n_vagon_jazda (id_n_vagon_jazda, id_n_vagon, id_vlak_jazda) values (145, 69, 107);
insert into n_vagon_jazda (id_n_vagon_jazda, id_n_vagon, id_vlak_jazda) values (146, 74, 175);
insert into n_vagon_jazda (id_n_vagon_jazda, id_n_vagon, id_vlak_jazda) values (147, 60, 200);
insert into n_vagon_jazda (id_n_vagon_jazda, id_n_vagon, id_vlak_jazda) values (148, 23, 157);
insert into n_vagon_jazda (id_n_vagon_jazda, id_n_vagon, id_vlak_jazda) values (149, 86, 200);
insert into n_vagon_jazda (id_n_vagon_jazda, id_n_vagon, id_vlak_jazda) values (150, 30, 119);


-- insert naklad
insert into naklad (id_naklad, id_n_vagon_jazda, id_odosielatel, nazov) values (1, 1, 20, 'General Cargo');
insert into naklad (id_naklad, id_n_vagon_jazda, id_odosielatel, nazov) values (2, 4, 7, 'General Cargo');
insert into naklad (id_naklad, id_n_vagon_jazda, id_odosielatel, nazov) values (3, 5, 7, 'Equipment');
insert into naklad (id_naklad, id_n_vagon_jazda, id_odosielatel, nazov) values (4, 6, 4, 'General Cargo');
insert into naklad (id_naklad, id_n_vagon_jazda, id_odosielatel, nazov) values (5, 8, 15, 'Liquids');
insert into naklad (id_naklad, id_n_vagon_jazda, id_odosielatel, nazov) values (6, 9, 1, 'Perishables');
insert into naklad (id_naklad, id_n_vagon_jazda, id_odosielatel, nazov) values (7, 11, 16, 'Gasses');
insert into naklad (id_naklad, id_n_vagon_jazda, id_odosielatel, nazov) values (8, 13, 2, 'Project Cargo');
insert into naklad (id_naklad, id_n_vagon_jazda, id_odosielatel, nazov) values (9, 14, 14, 'General Cargo');
insert into naklad (id_naklad, id_n_vagon_jazda, id_odosielatel, nazov) values (10, 15, 7, 'Equipment');
insert into naklad (id_naklad, id_n_vagon_jazda, id_odosielatel, nazov) values (11, 17, 20, 'Perishables');
insert into naklad (id_naklad, id_n_vagon_jazda, id_odosielatel, nazov) values (12, 18, 3, 'Lumber');
insert into naklad (id_naklad, id_n_vagon_jazda, id_odosielatel, nazov) values (13, 19, 13, 'Minerals');
insert into naklad (id_naklad, id_n_vagon_jazda, id_odosielatel, nazov) values (14, 20, 12, 'Perishables');
insert into naklad (id_naklad, id_n_vagon_jazda, id_odosielatel, nazov) values (15, 24, 13, 'Minerals');
insert into naklad (id_naklad, id_n_vagon_jazda, id_odosielatel, nazov) values (16, 27, 7, 'Liquids');
insert into naklad (id_naklad, id_n_vagon_jazda, id_odosielatel, nazov) values (17, 28, 19, 'General Cargo');
insert into naklad (id_naklad, id_n_vagon_jazda, id_odosielatel, nazov) values (18, 30, 13, 'Perishables');
insert into naklad (id_naklad, id_n_vagon_jazda, id_odosielatel, nazov) values (19, 31, 18, 'Equipment');
insert into naklad (id_naklad, id_n_vagon_jazda, id_odosielatel, nazov) values (20, 32, 10, 'Metals');
insert into naklad (id_naklad, id_n_vagon_jazda, id_odosielatel, nazov) values (21, 34, 18, 'Gasses');
insert into naklad (id_naklad, id_n_vagon_jazda, id_odosielatel, nazov) values (22, 35, 15, 'Liquids');
insert into naklad (id_naklad, id_n_vagon_jazda, id_odosielatel, nazov) values (23, 37, 20, 'Minerals');
insert into naklad (id_naklad, id_n_vagon_jazda, id_odosielatel, nazov) values (24, 38, 19, 'Vehicles');
insert into naklad (id_naklad, id_n_vagon_jazda, id_odosielatel, nazov) values (25, 39, 3, 'Project Cargo');
insert into naklad (id_naklad, id_n_vagon_jazda, id_odosielatel, nazov) values (26, 40, 15, 'Vehicles');
insert into naklad (id_naklad, id_n_vagon_jazda, id_odosielatel, nazov) values (27, 42, 6, 'General Cargo');
insert into naklad (id_naklad, id_n_vagon_jazda, id_odosielatel, nazov) values (28, 43, 7, 'Liquids');
insert into naklad (id_naklad, id_n_vagon_jazda, id_odosielatel, nazov) values (29, 46, 7, 'Metals');
insert into naklad (id_naklad, id_n_vagon_jazda, id_odosielatel, nazov) values (30, 47, 3, 'Lumber');
insert into naklad (id_naklad, id_n_vagon_jazda, id_odosielatel, nazov) values (31, 48, 16, 'Perishables');
insert into naklad (id_naklad, id_n_vagon_jazda, id_odosielatel, nazov) values (32, 49, 10, 'Equipment');
insert into naklad (id_naklad, id_n_vagon_jazda, id_odosielatel, nazov) values (33, 50, 19, 'Lumber');
insert into naklad (id_naklad, id_n_vagon_jazda, id_odosielatel, nazov) values (34, 51, 13, 'Liquids');
insert into naklad (id_naklad, id_n_vagon_jazda, id_odosielatel, nazov) values (35, 52, 10, 'General Cargo');
insert into naklad (id_naklad, id_n_vagon_jazda, id_odosielatel, nazov) values (36, 54, 8, 'Liquids');
insert into naklad (id_naklad, id_n_vagon_jazda, id_odosielatel, nazov) values (37, 55, 6, 'Project Cargo');
insert into naklad (id_naklad, id_n_vagon_jazda, id_odosielatel, nazov) values (38, 56, 1, 'General Cargo');
insert into naklad (id_naklad, id_n_vagon_jazda, id_odosielatel, nazov) values (39, 60, 17, 'General Cargo');
insert into naklad (id_naklad, id_n_vagon_jazda, id_odosielatel, nazov) values (40, 61, 19, 'Project Cargo');
insert into naklad (id_naklad, id_n_vagon_jazda, id_odosielatel, nazov) values (41, 63, 8, 'Perishables');
insert into naklad (id_naklad, id_n_vagon_jazda, id_odosielatel, nazov) values (42, 64, 11, 'Project Cargo');
insert into naklad (id_naklad, id_n_vagon_jazda, id_odosielatel, nazov) values (43, 65, 17, 'Equipment');
insert into naklad (id_naklad, id_n_vagon_jazda, id_odosielatel, nazov) values (44, 69, 14, 'Vehicles');
insert into naklad (id_naklad, id_n_vagon_jazda, id_odosielatel, nazov) values (45, 70, 1, 'Vehicles');
insert into naklad (id_naklad, id_n_vagon_jazda, id_odosielatel, nazov) values (46, 71, 11, 'Minerals');
insert into naklad (id_naklad, id_n_vagon_jazda, id_odosielatel, nazov) values (47, 75, 10, 'Gasses');
insert into naklad (id_naklad, id_n_vagon_jazda, id_odosielatel, nazov) values (48, 76, 20, 'Liquids');
insert into naklad (id_naklad, id_n_vagon_jazda, id_odosielatel, nazov) values (49, 77, 8, 'Gasses');
insert into naklad (id_naklad, id_n_vagon_jazda, id_odosielatel, nazov) values (50, 78, 13, 'Minerals');
insert into naklad (id_naklad, id_n_vagon_jazda, id_odosielatel, nazov) values (51, 80, 15, 'Vehicles');
insert into naklad (id_naklad, id_n_vagon_jazda, id_odosielatel, nazov) values (52, 81, 11, 'Minerals');
insert into naklad (id_naklad, id_n_vagon_jazda, id_odosielatel, nazov) values (53, 82, 3, 'Lumber');
insert into naklad (id_naklad, id_n_vagon_jazda, id_odosielatel, nazov) values (54, 83, 9, 'Minerals');
insert into naklad (id_naklad, id_n_vagon_jazda, id_odosielatel, nazov) values (55, 87, 13, 'Metals');
insert into naklad (id_naklad, id_n_vagon_jazda, id_odosielatel, nazov) values (56, 88, 14, 'Liquids');
insert into naklad (id_naklad, id_n_vagon_jazda, id_odosielatel, nazov) values (57, 90, 2, 'Perishables');
insert into naklad (id_naklad, id_n_vagon_jazda, id_odosielatel, nazov) values (58, 91, 17, 'Project Cargo');
insert into naklad (id_naklad, id_n_vagon_jazda, id_odosielatel, nazov) values (59, 93, 7, 'Equipment');
insert into naklad (id_naklad, id_n_vagon_jazda, id_odosielatel, nazov) values (60, 95, 8, 'Metals');
insert into naklad (id_naklad, id_n_vagon_jazda, id_odosielatel, nazov) values (61, 97, 13, 'Vehicles');
insert into naklad (id_naklad, id_n_vagon_jazda, id_odosielatel, nazov) values (62, 98, 13, 'Minerals');
insert into naklad (id_naklad, id_n_vagon_jazda, id_odosielatel, nazov) values (63, 99, 17, 'Metals');
insert into naklad (id_naklad, id_n_vagon_jazda, id_odosielatel, nazov) values (64, 100, 19, 'Minerals');
insert into naklad (id_naklad, id_n_vagon_jazda, id_odosielatel, nazov) values (65, 101, 5, 'Minerals');
insert into naklad (id_naklad, id_n_vagon_jazda, id_odosielatel, nazov) values (66, 102, 20, 'Gasses');
insert into naklad (id_naklad, id_n_vagon_jazda, id_odosielatel, nazov) values (67, 103, 9, 'Minerals');
insert into naklad (id_naklad, id_n_vagon_jazda, id_odosielatel, nazov) values (68, 106, 5, 'Equipment');
insert into naklad (id_naklad, id_n_vagon_jazda, id_odosielatel, nazov) values (69, 107, 3, 'Lumber');
insert into naklad (id_naklad, id_n_vagon_jazda, id_odosielatel, nazov) values (70, 108, 14, 'Lumber');
insert into naklad (id_naklad, id_n_vagon_jazda, id_odosielatel, nazov) values (71, 109, 2, 'Perishables');
insert into naklad (id_naklad, id_n_vagon_jazda, id_odosielatel, nazov) values (72, 111, 14, 'Equipment');
insert into naklad (id_naklad, id_n_vagon_jazda, id_odosielatel, nazov) values (73, 113, 10, 'Minerals');
insert into naklad (id_naklad, id_n_vagon_jazda, id_odosielatel, nazov) values (74, 115, 9, 'Project Cargo');
insert into naklad (id_naklad, id_n_vagon_jazda, id_odosielatel, nazov) values (75, 116, 17, 'Gasses');
insert into naklad (id_naklad, id_n_vagon_jazda, id_odosielatel, nazov) values (76, 118, 15, 'Minerals');
insert into naklad (id_naklad, id_n_vagon_jazda, id_odosielatel, nazov) values (77, 119, 14, 'General Cargo');
insert into naklad (id_naklad, id_n_vagon_jazda, id_odosielatel, nazov) values (78, 121, 15, 'Metals');
insert into naklad (id_naklad, id_n_vagon_jazda, id_odosielatel, nazov) values (79, 122, 6, 'Gasses');
insert into naklad (id_naklad, id_n_vagon_jazda, id_odosielatel, nazov) values (80, 123, 7, 'Lumber');
insert into naklad (id_naklad, id_n_vagon_jazda, id_odosielatel, nazov) values (81, 124, 12, 'Perishables');
insert into naklad (id_naklad, id_n_vagon_jazda, id_odosielatel, nazov) values (82, 126, 2, 'Lumber');
insert into naklad (id_naklad, id_n_vagon_jazda, id_odosielatel, nazov) values (83, 127, 14, 'Minerals');
insert into naklad (id_naklad, id_n_vagon_jazda, id_odosielatel, nazov) values (84, 128, 14, 'Equipment');
insert into naklad (id_naklad, id_n_vagon_jazda, id_odosielatel, nazov) values (85, 129, 16, 'Gasses');
insert into naklad (id_naklad, id_n_vagon_jazda, id_odosielatel, nazov) values (86, 131, 3, 'General Cargo');
insert into naklad (id_naklad, id_n_vagon_jazda, id_odosielatel, nazov) values (87, 132, 17, 'Minerals');
insert into naklad (id_naklad, id_n_vagon_jazda, id_odosielatel, nazov) values (88, 134, 6, 'Equipment');
insert into naklad (id_naklad, id_n_vagon_jazda, id_odosielatel, nazov) values (89, 135, 3, 'Gasses');
insert into naklad (id_naklad, id_n_vagon_jazda, id_odosielatel, nazov) values (90, 136, 1, 'Lumber');
insert into naklad (id_naklad, id_n_vagon_jazda, id_odosielatel, nazov) values (91, 137, 3, 'Metals');
insert into naklad (id_naklad, id_n_vagon_jazda, id_odosielatel, nazov) values (92, 138, 14, 'Liquids');
insert into naklad (id_naklad, id_n_vagon_jazda, id_odosielatel, nazov) values (93, 139, 6, 'Metals');
insert into naklad (id_naklad, id_n_vagon_jazda, id_odosielatel, nazov) values (94, 144, 5, 'Vehicles');
insert into naklad (id_naklad, id_n_vagon_jazda, id_odosielatel, nazov) values (95, 146, 8, 'Vehicles');
insert into naklad (id_naklad, id_n_vagon_jazda, id_odosielatel, nazov) values (96, 149, 3, 'Perishables');
